,ID,Tiempo de misión,Contador de paquetes,Altitud,Presión,Temperatura,Voltaje,Hora,Latitud,Longitud,Pitch,Roll,Aceleración,Estado Software
0,ORB_CP,0:00:00,1,0.0,77403.2,23,8.64,11:29:00,19.50247,-99.13326,6,7,0,BOOT\r
1,ORB_CP,0:00:00,2,0.0,77409.6,21,5.56,11:29:00,19.50251,-99.13317,0,5,0,BOOT\r
2,ORB_CP,0:00:00,3,0.0,77406.0,22,6.5,11:29:00,19.50262,-99.13328,1,4,0,BOOT\r
3,ORB_CP,0:00:00,4,0.0,77400.8,22,5.44,11:29:00,19.50258,-99.13317,7,8,0,BOOT\r
4,ORB_CP,0:00:00,5,0.0,77414.4,22,5.22,11:29:00,19.5025,-99.13326,0,7,0,BOOT\r
5,ORB_CP,0:00:00,6,0.0,77400.3,20,7.95,11:29:00,19.5025,-99.13327,9,8,0,BOOT\r
6,ORB_CP,0:00:00,7,0.0,77400.0,21,7.01,11:29:00,19.50256,-99.13316,8,3,0,BOOT\r
7,ORB_CP,0:00:00,8,0.0,77414.3,23,8.36,11:29:00,19.50261,-99.13322,9,6,0,BOOT\r
8,ORB_CP,0:00:00,9,0.0,77419.9,22,6.77,11:29:00,19.50259,-99.13325,2,4,0,BOOT\r
9,ORB_CP,0:00:00,10,0.0,77404.0,21,5.23,11:29:00,19.50249,-99.13333,3,7,0,BOOT\r
10,ORB_CP,0:00:00,11,0.0,77410.3,21,8.09,11:29:00,19.50262,-99.13331,0,7,0,BOOT\r
11,ORB_CP,0:00:00,12,0.0,77415.9,21,5.61,11:29:00,19.50251,-99.13321,2,1,0,BOOT\r
12,ORB_CP,0:00:00,13,0.0,77406.7,23,5.5,11:29:00,19.5026,-99.1333,3,7,0,BOOT\r
13,ORB_CP,0:00:00,14,0.0,77419.8,24,5.2,11:29:00,19.50252,-99.1332,10,3,0,BOOT\r
14,ORB_CP,0:00:00,15,0.0,77411.1,20,5.07,11:29:00,19.50257,-99.13323,0,2,0,BOOT\r
15,ORB_CP,0:00:00,16,0.0,77419.7,20,8.63,11:29:00,19.50257,-99.13323,9,5,0,BOOT\r
16,ORB_CP,0:00:00,17,0.0,77413.1,24,7.43,11:29:00,19.50262,-99.13325,3,1,0,BOOT\r
17,ORB_CP,0:00:00,18,0.0,77400.3,21,8.47,11:29:00,19.50249,-99.13327,0,2,0,BOOT\r
18,ORB_CP,0:00:00,19,0.0,77412.5,22,5.19,11:29:00,19.50248,-99.13315,6,1,0,BOOT\r
19,ORB_CP,0:00:00,20,0.0,77413.8,24,8.62,11:29:00,19.5025,-99.13332,10,6,0,BOOT\r
20,ORB_CP,0:00:00,21,0.0,77407.9,21,6.13,11:29:00,19.50263,-99.13322,8,9,0,BOOT\r
21,ORB_CP,0:00:00,22,0.0,77414.1,22,5.53,11:29:00,19.50257,-99.13321,8,2,0,BOOT\r
22,ORB_CP,0:00:00,23,0.0,77408.9,23,8.25,11:29:00,19.50252,-99.13323,5,8,0,BOOT\r
23,ORB_CP,0:00:00,24,0.0,77408.6,23,6.81,11:29:00,19.50262,-99.13324,2,7,0,BOOT\r
24,ORB_CP,0:00:00,25,0.0,77403.5,24,5.51,11:29:00,19.50252,-99.13327,6,8,0,BOOT\r
25,ORB_CP,0:00:00,26,0.0,77401.2,21,8.53,11:29:00,19.50247,-99.13323,4,10,0,BOOT\r
26,ORB_CP,0:00:00,27,0.0,77401.2,21,7.48,11:29:00,19.50258,-99.13325,4,0,0,BOOT\r
27,ORB_CP,0:00:00,28,0.0,77410.6,24,6.96,11:29:00,19.50248,-99.13323,5,2,0,BOOT\r
28,ORB_CP,0:00:00,29,0.0,77415.9,24,6.76,11:29:00,19.5025,-99.13316,5,8,0,BOOT\r
29,ORB_CP,0:00:00,30,0.0,77400.3,21,7.26,11:29:00,19.50258,-99.13318,6,6,0,BOOT\r
30,ORB_CP,0:00:00,31,0.0,77404.5,23,8.73,11:29:00,19.50251,-99.13329,10,9,0,BOOT\r
31,ORB_CP,0:00:00,32,0.0,77409.0,22,7.4,11:29:00,19.50264,-99.13319,7,5,0,BOOT\r
32,ORB_CP,0:00:00,33,0.0,77400.0,21,6.38,11:29:00,19.50263,-99.13318,0,4,0,BOOT\r
33,ORB_CP,0:00:00,34,0.0,77404.8,23,7.09,11:29:00,19.5026,-99.13323,3,8,0,BOOT\r
34,ORB_CP,0:00:00,35,0.0,77400.4,24,7.07,11:29:00,19.5025,-99.13323,5,10,0,BOOT\r
35,ORB_CP,0:00:00,36,0.0,77406.8,21,6.27,11:29:00,19.50258,-99.13323,3,4,0,BOOT\r
36,ORB_CP,0:00:00,37,0.0,77416.9,20,7.13,11:29:00,19.50253,-99.13329,7,0,0,BOOT\r
37,ORB_CP,0:00:00,38,0.0,77415.4,22,6.65,11:29:00,19.50264,-99.13315,1,9,0,BOOT\r
38,ORB_CP,0:00:00,39,0.0,77405.4,24,5.38,11:29:00,19.50259,-99.13315,8,3,0,BOOT\r
39,ORB_CP,0:00:00,40,0.0,77409.8,21,7.66,11:29:00,19.50257,-99.13325,2,7,0,BOOT\r
40,ORB_CP,0:00:00,41,0.0,77412.6,23,7.77,11:29:00,19.50246,-99.13318,3,10,0,BOOT\r
41,ORB_CP,0:00:00,42,0.0,77406.4,21,8.71,11:29:00,19.50254,-99.13329,4,2,0,BOOT\r
42,ORB_CP,0:00:00,43,0.0,77409.1,21,7.3,11:29:00,19.50248,-99.13327,1,2,0,BOOT\r
43,ORB_CP,0:00:00,44,0.0,77412.9,21,7.53,11:29:00,19.50263,-99.13322,0,5,0,BOOT\r
44,ORB_CP,0:00:00,45,0.0,77401.7,22,5.78,11:29:00,19.50246,-99.13316,9,1,0,BOOT\r
45,ORB_CP,0:00:00,46,0.0,77419.1,21,7.66,11:29:00,19.50259,-99.13321,3,6,0,BOOT\r
46,ORB_CP,0:00:00,47,0.0,77407.9,24,7.39,11:29:00,19.50248,-99.13325,1,1,0,BOOT\r
47,ORB_CP,0:00:00,48,0.0,77400.7,22,7.7,11:29:00,19.50252,-99.13316,3,4,0,BOOT\r
48,ORB_CP,0:00:00,49,0.0,77411.3,21,7.38,11:29:00,19.50259,-99.13323,6,9,0,BOOT\r
49,ORB_CP,0:00:00,50,0.0,77406.1,24,5.59,11:29:00,19.50258,-99.13326,10,5,0,BOOT\r
50,ORB_CP,0:00:00,51,0.0,77405.5,20,7.35,11:29:00,19.50253,-99.13328,8,2,0,BOOT\r
51,ORB_CP,0:00:00,52,0.0,77408.7,20,5.92,11:29:00,19.5026,-99.13318,7,10,0,BOOT\r
52,ORB_CP,0:00:00,53,0.0,77404.3,22,8.07,11:29:00,19.50257,-99.13322,7,3,0,BOOT\r
53,ORB_CP,0:00:00,54,0.0,77418.3,24,6.52,11:29:00,19.50256,-99.13323,7,7,0,BOOT\r
54,ORB_CP,0:00:00,55,0.0,77401.4,20,6.79,11:29:00,19.50258,-99.13315,6,10,0,BOOT\r
55,ORB_CP,0:00:00,56,0.0,77403.4,23,8.56,11:29:00,19.50263,-99.1332,10,7,0,BOOT\r
56,ORB_CP,0:00:00,57,0.0,77406.6,21,7.37,11:29:00,19.50258,-99.13323,5,0,0,BOOT\r
57,ORB_CP,0:00:00,58,0.0,77409.1,22,5.88,11:29:00,19.50246,-99.13318,9,3,0,BOOT\r
58,ORB_CP,0:00:00,59,0.0,77402.6,20,5.37,11:29:00,19.50249,-99.13318,8,7,0,BOOT\r
59,ORB_CP,0:00:00,60,0.0,77412.2,23,8.97,11:29:00,19.50258,-99.13331,10,5,0,BOOT\r
60,ORB_CP,0:00:01,61,0.0,77412.1,21,5.07,11:29:01,19.50249,-99.13332,10,7,0,BOOT\r
61,ORB_CP,0:00:01,62,0.0,77419.5,24,7.68,11:29:01,19.50259,-99.1332,9,9,0,BOOT\r
62,ORB_CP,0:00:01,63,0.0,77402.9,20,5.26,11:29:01,19.50247,-99.13322,0,9,0,BOOT\r
63,ORB_CP,0:00:01,64,0.0,77406.4,20,7.99,11:29:01,19.50253,-99.13321,6,0,0,BOOT\r
64,ORB_CP,0:00:01,65,0.0,77419.6,22,6.1,11:29:01,19.50258,-99.13325,0,0,0,BOOT\r
65,ORB_CP,0:00:01,66,0.0,77408.9,21,6.07,11:29:01,19.50256,-99.13331,9,5,0,BOOT\r
66,ORB_CP,0:00:01,67,0.0,77409.4,22,7.86,11:29:01,19.50251,-99.1332,8,4,0,BOOT\r
67,ORB_CP,0:00:01,68,0.0,77412.7,23,7.51,11:29:01,19.50258,-99.13318,8,0,0,BOOT\r
68,ORB_CP,0:00:01,69,0.0,77403.9,21,7.55,11:29:01,19.50247,-99.13325,6,2,0,BOOT\r
69,ORB_CP,0:00:01,70,0.0,77404.9,23,6.23,11:29:01,19.50251,-99.13328,1,9,0,BOOT\r
70,ORB_CP,0:00:01,71,0.0,77409.7,22,8.18,11:29:01,19.50262,-99.13328,10,5,0,BOOT\r
71,ORB_CP,0:00:01,72,0.0,77415.6,24,5.73,11:29:01,19.50249,-99.13323,4,7,0,BOOT\r
72,ORB_CP,0:00:01,73,0.0,77414.1,22,8.55,11:29:01,19.50247,-99.13331,9,8,0,BOOT\r
73,ORB_CP,0:00:01,74,0.0,77403.9,22,8.12,11:29:01,19.50255,-99.13331,7,2,0,BOOT\r
74,ORB_CP,0:00:01,75,0.0,77415.8,20,8.51,11:29:01,19.50264,-99.13319,6,8,0,BOOT\r
75,ORB_CP,0:00:01,76,0.0,77415.4,20,7.37,11:29:01,19.50252,-99.13321,0,10,0,BOOT\r
76,ORB_CP,0:00:01,77,0.0,77418.0,20,5.24,11:29:01,19.50253,-99.13315,4,1,0,BOOT\r
77,ORB_CP,0:00:01,78,0.0,77415.6,23,7.38,11:29:01,19.50262,-99.13326,9,0,0,BOOT\r
78,ORB_CP,0:00:01,79,0.0,77418.1,21,6.86,11:29:01,19.50255,-99.13315,5,10,0,BOOT\r
79,ORB_CP,0:00:01,80,0.0,77403.3,22,7.38,11:29:01,19.50262,-99.13315,1,9,0,BOOT\r
80,ORB_CP,0:00:01,81,0.0,77416.5,22,7.57,11:29:01,19.50256,-99.13323,4,2,0,BOOT\r
81,ORB_CP,0:00:01,82,0.0,77410.1,24,6.61,11:29:01,19.50247,-99.13318,4,9,0,BOOT\r
82,ORB_CP,0:00:01,83,0.0,77415.7,24,5.4,11:29:01,19.50251,-99.13317,10,3,0,BOOT\r
83,ORB_CP,0:00:01,84,0.0,77407.0,20,6.29,11:29:01,19.50264,-99.13325,7,9,0,BOOT\r
84,ORB_CP,0:00:01,85,0.0,77405.9,21,7.93,11:29:01,19.50263,-99.13322,5,8,0,BOOT\r
85,ORB_CP,0:00:01,86,0.0,77409.3,24,5.8,11:29:01,19.50263,-99.13315,9,3,0,BOOT\r
86,ORB_CP,0:00:01,87,0.0,77410.9,20,5.53,11:29:01,19.50262,-99.13326,2,6,0,BOOT\r
87,ORB_CP,0:00:01,88,0.0,77406.9,24,5.03,11:29:01,19.50262,-99.1332,3,3,0,BOOT\r
88,ORB_CP,0:00:01,89,0.0,77416.1,22,7.83,11:29:01,19.50264,-99.13325,3,8,0,BOOT\r
89,ORB_CP,0:00:01,90,0.0,77401.5,23,7.99,11:29:01,19.50256,-99.13329,7,6,0,BOOT\r
90,ORB_CP,0:00:01,91,0.0,77410.9,20,6.34,11:29:01,19.50256,-99.13314,10,5,0,BOOT\r
91,ORB_CP,0:00:01,92,0.0,77409.1,23,5.78,11:29:01,19.50262,-99.13317,1,5,0,BOOT\r
92,ORB_CP,0:00:01,93,0.0,77409.9,24,6.04,11:29:01,19.50252,-99.1332,3,4,0,BOOT\r
93,ORB_CP,0:00:01,94,0.0,77401.4,23,8.85,11:29:01,19.50246,-99.13333,9,7,0,BOOT\r
94,ORB_CP,0:00:01,95,0.0,77402.7,20,5.66,11:29:01,19.50257,-99.1333,10,3,0,BOOT\r
95,ORB_CP,0:00:01,96,0.0,77409.4,21,5.93,11:29:01,19.50258,-99.13332,0,9,0,BOOT\r
96,ORB_CP,0:00:01,97,0.0,77416.9,22,7.08,11:29:01,19.50257,-99.13318,6,10,0,BOOT\r
97,ORB_CP,0:00:01,98,0.0,77414.9,21,5.16,11:29:01,19.50253,-99.13331,0,9,0,BOOT\r
98,ORB_CP,0:00:01,99,0.0,77415.3,22,7.63,11:29:01,19.5026,-99.13327,0,8,0,BOOT\r
99,ORB_CP,0:00:01,100,0.0,77403.2,23,8.25,11:29:01,19.50254,-99.13316,7,4,0,BOOT\r
100,ORB_CP,0:00:01,101,0.0,77411.9,20,6.81,11:29:01,19.50252,-99.13322,6,9,0,BOOT\r
101,ORB_CP,0:00:01,102,0.0,77414.9,21,7.97,11:29:01,19.50262,-99.1333,9,8,0,BOOT\r
102,ORB_CP,0:00:01,103,0.0,77406.7,24,7.06,11:29:01,19.50263,-99.13316,2,7,0,BOOT\r
103,ORB_CP,0:00:01,104,0.0,77413.5,21,7.93,11:29:01,19.50261,-99.13316,5,9,0,BOOT\r
104,ORB_CP,0:00:01,105,0.0,77406.8,21,8.87,11:29:01,19.50252,-99.13322,7,3,0,BOOT\r
105,ORB_CP,0:00:01,106,0.0,77400.6,23,5.49,11:29:01,19.50262,-99.13332,5,8,0,BOOT\r
106,ORB_CP,0:00:01,107,0.0,77402.3,20,7.17,11:29:01,19.50258,-99.13319,7,2,0,BOOT\r
107,ORB_CP,0:00:01,108,0.0,77408.2,21,8.4,11:29:01,19.50246,-99.13324,9,6,0,BOOT\r
108,ORB_CP,0:00:01,109,0.0,77412.6,23,5.15,11:29:01,19.50263,-99.13316,7,7,0,BOOT\r
109,ORB_CP,0:00:01,110,0.0,77414.3,23,7.33,11:29:01,19.50247,-99.13322,1,8,0,BOOT\r
110,ORB_CP,0:00:01,111,0.0,77404.7,24,7.73,11:29:01,19.50251,-99.13315,3,1,0,BOOT\r
111,ORB_CP,0:00:01,112,0.0,77407.1,23,8.91,11:29:01,19.50254,-99.13324,6,0,0,BOOT\r
112,ORB_CP,0:00:01,113,0.0,77406.2,20,5.94,11:29:01,19.50249,-99.13314,10,10,0,BOOT\r
113,ORB_CP,0:00:01,114,0.0,77418.7,24,8.29,11:29:01,19.50249,-99.13328,6,7,0,BOOT\r
114,ORB_CP,0:00:01,115,0.0,77418.8,20,7.83,11:29:01,19.50256,-99.13314,7,8,0,BOOT\r
115,ORB_CP,0:00:01,116,0.0,77406.5,22,7.06,11:29:01,19.50258,-99.13325,3,7,0,BOOT\r
116,ORB_CP,0:00:01,117,0.0,77414.3,21,5.56,11:29:01,19.50253,-99.13325,7,3,0,BOOT\r
117,ORB_CP,0:00:01,118,0.0,77417.6,21,5.46,11:29:01,19.50247,-99.13317,7,6,0,BOOT\r
118,ORB_CP,0:00:01,119,0.0,77416.3,20,7.52,11:29:01,19.50251,-99.1333,9,7,0,BOOT\r
119,ORB_CP,0:00:01,120,0.0,77417.5,22,7.29,11:29:01,19.50247,-99.13327,10,7,0,BOOT\r
120,ORB_CP,0:00:02,121,0.0,77403.2,24,6.94,11:29:02,19.50248,-99.13325,7,3,0,BOOT\r
121,ORB_CP,0:00:02,122,0.0,77409.0,22,5.32,11:29:02,19.50257,-99.13314,9,2,0,BOOT\r
122,ORB_CP,0:00:02,123,0.0,77416.4,22,8.35,11:29:02,19.5026,-99.13329,1,2,0,BOOT\r
123,ORB_CP,0:00:02,124,0.0,77408.0,23,6.37,11:29:02,19.50262,-99.13332,7,9,0,BOOT\r
124,ORB_CP,0:00:02,125,0.0,77401.7,22,7.7,11:29:02,19.50245,-99.13329,3,2,0,BOOT\r
125,ORB_CP,0:00:02,126,0.0,77403.3,23,5.32,11:29:02,19.50251,-99.13318,9,5,0,BOOT\r
126,ORB_CP,0:00:02,127,0.0,77412.7,20,6.46,11:29:02,19.50253,-99.13328,9,8,0,BOOT\r
127,ORB_CP,0:00:02,128,0.0,77406.3,21,6.84,11:29:02,19.5025,-99.13318,6,10,0,BOOT\r
128,ORB_CP,0:00:02,129,0.0,77406.6,23,5.2,11:29:02,19.50259,-99.13313,9,8,0,BOOT\r
129,ORB_CP,0:00:02,130,0.0,77402.4,20,5.99,11:29:02,19.50262,-99.13327,10,3,0,BOOT\r
130,ORB_CP,0:00:02,131,0.0,77411.0,21,5.22,11:29:02,19.50257,-99.13324,5,8,0,BOOT\r
131,ORB_CP,0:00:02,132,0.0,77416.9,20,5.33,11:29:02,19.50251,-99.13329,5,3,0,BOOT\r
132,ORB_CP,0:00:02,133,0.0,77404.3,21,8.98,11:29:02,19.50255,-99.13329,5,10,0,BOOT\r
133,ORB_CP,0:00:02,134,0.0,77418.0,20,5.99,11:29:02,19.5026,-99.13313,0,5,0,BOOT\r
134,ORB_CP,0:00:02,135,0.0,77404.9,21,7.08,11:29:02,19.5026,-99.13315,1,5,0,BOOT\r
135,ORB_CP,0:00:02,136,0.0,77410.4,24,8.09,11:29:02,19.50247,-99.13315,3,6,0,BOOT\r
136,ORB_CP,0:00:02,137,0.0,77400.7,22,8.79,11:29:02,19.50258,-99.13317,5,8,0,BOOT\r
137,ORB_CP,0:00:02,138,0.0,77410.8,24,8.85,11:29:02,19.50247,-99.13332,2,8,0,BOOT\r
138,ORB_CP,0:00:02,139,0.0,77403.6,20,5.29,11:29:02,19.50248,-99.13327,4,6,0,BOOT\r
139,ORB_CP,0:00:02,140,0.0,77411.5,23,6.46,11:29:02,19.50253,-99.13331,4,10,0,BOOT\r
140,ORB_CP,0:00:02,141,0.0,77410.7,22,5.77,11:29:02,19.50256,-99.13315,4,4,0,BOOT\r
141,ORB_CP,0:00:02,142,0.0,77405.1,20,6.14,11:29:02,19.50261,-99.13325,7,10,0,BOOT\r
142,ORB_CP,0:00:02,143,0.0,77414.1,21,8.12,11:29:02,19.50251,-99.13318,1,9,0,BOOT\r
143,ORB_CP,0:00:02,144,0.0,77412.8,23,6.26,11:29:02,19.50261,-99.13314,8,0,0,BOOT\r
144,ORB_CP,0:00:02,145,0.0,77406.0,20,8.47,11:29:02,19.50257,-99.13318,4,7,0,BOOT\r
145,ORB_CP,0:00:02,146,0.0,77416.2,24,5.03,11:29:02,19.50258,-99.1332,10,8,0,BOOT\r
146,ORB_CP,0:00:02,147,0.0,77416.5,23,8.76,11:29:02,19.50262,-99.13325,1,4,0,BOOT\r
147,ORB_CP,0:00:02,148,0.0,77407.6,21,8.39,11:29:02,19.50247,-99.13323,1,10,0,BOOT\r
148,ORB_CP,0:00:02,149,0.0,77419.2,20,5.82,11:29:02,19.50264,-99.13331,2,0,0,BOOT\r
149,ORB_CP,0:00:02,150,0.0,77416.6,20,6.03,11:29:02,19.50261,-99.13331,9,7,0,BOOT\r
150,ORB_CP,0:00:02,151,0.0,77403.7,22,6.13,11:29:02,19.50246,-99.13323,10,9,0,BOOT\r
151,ORB_CP,0:00:02,152,0.0,77415.7,24,7.61,11:29:02,19.5025,-99.1333,1,1,0,BOOT\r
152,ORB_CP,0:00:02,153,0.0,77405.5,21,7.98,11:29:02,19.50248,-99.13327,10,2,0,BOOT\r
153,ORB_CP,0:00:02,154,0.0,77411.0,20,8.86,11:29:02,19.50262,-99.13316,8,2,0,BOOT\r
154,ORB_CP,0:00:02,155,0.0,77405.2,22,8.29,11:29:02,19.50249,-99.13324,9,4,0,BOOT\r
155,ORB_CP,0:00:02,156,0.0,77408.7,24,7.5,11:29:02,19.50252,-99.1333,2,4,0,BOOT\r
156,ORB_CP,0:00:02,157,0.0,77404.9,22,8.99,11:29:02,19.5025,-99.13326,2,0,0,BOOT\r
157,ORB_CP,0:00:02,158,0.0,77403.3,20,7.63,11:29:02,19.50249,-99.13314,4,2,0,BOOT\r
158,ORB_CP,0:00:02,159,0.0,77414.9,22,6.09,11:29:02,19.50251,-99.13322,2,0,0,BOOT\r
159,ORB_CP,0:00:02,160,0.0,77417.0,23,7.46,11:29:02,19.50255,-99.13319,1,5,0,BOOT\r
160,ORB_CP,0:00:02,161,0.0,77405.3,24,7.54,11:29:02,19.50262,-99.13327,10,7,0,BOOT\r
161,ORB_CP,0:00:02,162,0.0,77404.8,22,6.16,11:29:02,19.50247,-99.13317,5,0,0,BOOT\r
162,ORB_CP,0:00:02,163,0.0,77414.6,20,7.36,11:29:02,19.50248,-99.13324,4,4,0,BOOT\r
163,ORB_CP,0:00:02,164,0.0,77410.3,20,5.06,11:29:02,19.50259,-99.13321,2,4,0,BOOT\r
164,ORB_CP,0:00:02,165,0.0,77407.8,22,6.47,11:29:02,19.50255,-99.13325,3,5,0,BOOT\r
165,ORB_CP,0:00:02,166,0.0,77403.3,22,6.67,11:29:02,19.50252,-99.13325,10,10,0,BOOT\r
166,ORB_CP,0:00:02,167,0.0,77415.8,20,5.5,11:29:02,19.50263,-99.13314,3,9,0,BOOT\r
167,ORB_CP,0:00:02,168,0.0,77413.3,23,7.17,11:29:02,19.50262,-99.13325,7,3,0,BOOT\r
168,ORB_CP,0:00:02,169,0.0,77404.9,24,6.42,11:29:02,19.50263,-99.13326,4,6,0,BOOT\r
169,ORB_CP,0:00:02,170,0.0,77417.5,24,5.79,11:29:02,19.50255,-99.13313,3,7,0,BOOT\r
170,ORB_CP,0:00:02,171,0.0,77414.7,23,5.56,11:29:02,19.50251,-99.13314,4,6,0,BOOT\r
171,ORB_CP,0:00:02,172,0.0,77402.9,21,7.09,11:29:02,19.50264,-99.13314,7,6,0,BOOT\r
172,ORB_CP,0:00:02,173,0.0,77405.5,21,5.47,11:29:02,19.50248,-99.13325,4,5,0,BOOT\r
173,ORB_CP,0:00:02,174,0.0,77410.5,20,7.39,11:29:02,19.50263,-99.13328,5,0,0,BOOT\r
174,ORB_CP,0:00:02,175,0.0,77419.9,22,8.19,11:29:02,19.50248,-99.13328,2,9,0,BOOT\r
175,ORB_CP,0:00:02,176,0.0,77415.5,23,6.18,11:29:02,19.50264,-99.13326,10,3,0,BOOT\r
176,ORB_CP,0:00:02,177,0.0,77407.2,23,5.83,11:29:02,19.50251,-99.13318,2,8,0,BOOT\r
177,ORB_CP,0:00:02,178,0.0,77403.3,22,6.47,11:29:02,19.50254,-99.13332,5,1,0,BOOT\r
178,ORB_CP,0:00:02,179,0.0,77415.6,21,8.26,11:29:02,19.50262,-99.13325,7,0,0,BOOT\r
179,ORB_CP,0:00:02,180,0.0,77412.5,23,6.61,11:29:02,19.50253,-99.13324,5,2,0,BOOT\r
180,ORB_CP,0:00:03,181,0.0,77407.5,20,8.49,11:29:03,19.50253,-99.13329,1,9,0,BOOT\r
181,ORB_CP,0:00:03,182,0.0,77403.8,22,7.43,11:29:03,19.50258,-99.13319,3,5,0,BOOT\r
182,ORB_CP,0:00:03,183,0.0,77407.3,20,7.94,11:29:03,19.50255,-99.13314,6,10,0,BOOT\r
183,ORB_CP,0:00:03,184,0.0,77416.5,22,8.95,11:29:03,19.5025,-99.13324,0,3,0,BOOT\r
184,ORB_CP,0:00:03,185,0.0,77416.1,22,6.09,11:29:03,19.50252,-99.13324,3,1,0,BOOT\r
185,ORB_CP,0:00:03,186,0.0,77403.7,22,7.75,11:29:03,19.50247,-99.13321,5,6,0,BOOT\r
186,ORB_CP,0:00:03,187,0.0,77416.0,20,5.12,11:29:03,19.50259,-99.13322,0,8,0,BOOT\r
187,ORB_CP,0:00:03,188,0.0,77410.8,23,5.84,11:29:03,19.50251,-99.13317,0,6,0,BOOT\r
188,ORB_CP,0:00:03,189,0.0,77416.1,21,7.36,11:29:03,19.50249,-99.13323,0,9,0,BOOT\r
189,ORB_CP,0:00:03,190,0.0,77414.9,22,6.66,11:29:03,19.50254,-99.13316,7,8,0,BOOT\r
190,ORB_CP,0:00:03,191,0.0,77404.4,20,5.22,11:29:03,19.50248,-99.13319,2,2,0,BOOT\r
191,ORB_CP,0:00:03,192,0.0,77413.9,20,8.08,11:29:03,19.50246,-99.13329,4,5,0,BOOT\r
192,ORB_CP,0:00:03,193,0.0,77418.5,22,8.63,11:29:03,19.50252,-99.13327,7,9,0,BOOT\r
193,ORB_CP,0:00:03,194,0.0,77418.0,24,6.96,11:29:03,19.50261,-99.13324,2,1,0,BOOT\r
194,ORB_CP,0:00:03,195,0.0,77417.0,23,7.02,11:29:03,19.50252,-99.13321,6,0,0,BOOT\r
195,ORB_CP,0:00:03,196,0.0,77410.9,23,6.46,11:29:03,19.5025,-99.13329,4,4,0,BOOT\r
196,ORB_CP,0:00:03,197,0.0,77409.2,21,5.16,11:29:03,19.50255,-99.13316,10,6,0,BOOT\r
197,ORB_CP,0:00:03,198,0.0,77401.8,21,6.01,11:29:03,19.50253,-99.13328,5,3,0,BOOT\r
198,ORB_CP,0:00:03,199,0.0,77417.0,21,5.42,11:29:03,19.50263,-99.13327,4,2,0,BOOT\r
199,ORB_CP,0:00:03,200,0.0,77413.4,23,6.66,11:29:03,19.50253,-99.13315,8,4,0,BOOT\r
200,ORB_CP,0:00:03,201,0.0,77417.3,20,5.82,11:29:03,19.50255,-99.13332,6,6,0,BOOT\r
201,ORB_CP,0:00:03,202,0.0,77417.0,23,7.81,11:29:03,19.50251,-99.13327,4,0,0,BOOT\r
202,ORB_CP,0:00:03,203,0.0,77405.1,20,6.48,11:29:03,19.50252,-99.13329,4,7,0,BOOT\r
203,ORB_CP,0:00:03,204,0.0,77413.3,24,5.94,11:29:03,19.50264,-99.13313,4,8,0,BOOT\r
204,ORB_CP,0:00:03,205,0.0,77400.9,23,6.61,11:29:03,19.50251,-99.13327,10,8,0,BOOT\r
205,ORB_CP,0:00:03,206,0.0,77418.8,23,7.58,11:29:03,19.50258,-99.13321,0,4,0,BOOT\r
206,ORB_CP,0:00:03,207,0.0,77412.7,22,6.98,11:29:03,19.50263,-99.13332,10,1,0,BOOT\r
207,ORB_CP,0:00:03,208,0.0,77407.6,22,7.67,11:29:03,19.50249,-99.13318,3,10,0,BOOT\r
208,ORB_CP,0:00:03,209,0.0,77411.0,22,5.05,11:29:03,19.50248,-99.13317,7,5,0,BOOT\r
209,ORB_CP,0:00:03,210,0.0,77418.9,22,8.92,11:29:03,19.50259,-99.13324,5,0,0,BOOT\r
210,ORB_CP,0:00:03,211,0.0,77408.1,24,6.39,11:29:03,19.50252,-99.13331,0,7,0,BOOT\r
211,ORB_CP,0:00:03,212,0.0,77403.5,20,6.1,11:29:03,19.50261,-99.13323,3,10,0,BOOT\r
212,ORB_CP,0:00:03,213,0.0,77411.0,22,8.37,11:29:03,19.50263,-99.13313,1,3,0,BOOT\r
213,ORB_CP,0:00:03,214,0.0,77419.2,22,7.51,11:29:03,19.50258,-99.13326,7,3,0,BOOT\r
214,ORB_CP,0:00:03,215,0.0,77409.4,24,7.52,11:29:03,19.50247,-99.13315,2,0,0,BOOT\r
215,ORB_CP,0:00:03,216,0.0,77406.7,21,5.63,11:29:03,19.50246,-99.1332,1,1,0,BOOT\r
216,ORB_CP,0:00:03,217,0.0,77416.3,24,8.91,11:29:03,19.50254,-99.13324,2,1,0,BOOT\r
217,ORB_CP,0:00:03,218,0.0,77412.8,21,7.29,11:29:03,19.50261,-99.13316,7,2,0,BOOT\r
218,ORB_CP,0:00:03,219,0.0,77405.8,22,5.76,11:29:03,19.50253,-99.13313,10,4,0,BOOT\r
219,ORB_CP,0:00:03,220,0.0,77413.7,23,5.89,11:29:03,19.50247,-99.13328,3,0,0,BOOT\r
220,ORB_CP,0:00:03,221,0.0,77405.8,22,7.71,11:29:03,19.50248,-99.13315,2,10,0,BOOT\r
221,ORB_CP,0:00:03,222,0.0,77401.5,22,8.63,11:29:03,19.50263,-99.13325,8,2,0,BOOT\r
222,ORB_CP,0:00:03,223,0.0,77409.7,23,7.57,11:29:03,19.50261,-99.13316,4,10,0,BOOT\r
223,ORB_CP,0:00:03,224,0.0,77404.5,20,6.12,11:29:03,19.50257,-99.13317,9,3,0,BOOT\r
224,ORB_CP,0:00:03,225,0.0,77414.2,24,8.69,11:29:03,19.50248,-99.13332,9,8,0,BOOT\r
225,ORB_CP,0:00:03,226,0.0,77407.1,21,5.91,11:29:03,19.5026,-99.13321,1,7,0,BOOT\r
226,ORB_CP,0:00:03,227,0.0,77411.4,23,5.51,11:29:03,19.50255,-99.13332,2,4,0,BOOT\r
227,ORB_CP,0:00:03,228,0.0,77416.8,23,8.45,11:29:03,19.5025,-99.13329,4,0,0,BOOT\r
228,ORB_CP,0:00:03,229,0.0,77416.5,21,8.48,11:29:03,19.50255,-99.13318,9,8,0,BOOT\r
229,ORB_CP,0:00:03,230,0.0,77419.6,23,6.28,11:29:03,19.50247,-99.13327,5,10,0,BOOT\r
230,ORB_CP,0:00:03,231,0.0,77400.5,22,6.59,11:29:03,19.5025,-99.13318,0,2,0,BOOT\r
231,ORB_CP,0:00:03,232,0.0,77413.7,21,5.11,11:29:03,19.50257,-99.13328,7,4,0,BOOT\r
232,ORB_CP,0:00:03,233,0.0,77415.7,23,5.28,11:29:03,19.50259,-99.13329,6,10,0,BOOT\r
233,ORB_CP,0:00:03,234,0.0,77403.4,22,6.73,11:29:03,19.50258,-99.13325,7,6,0,BOOT\r
234,ORB_CP,0:00:03,235,0.0,77405.4,24,5.32,11:29:03,19.50246,-99.1332,9,1,0,BOOT\r
235,ORB_CP,0:00:03,236,0.0,77404.6,21,7.83,11:29:03,19.50247,-99.13329,8,2,0,BOOT\r
236,ORB_CP,0:00:03,237,0.0,77404.1,21,8.25,11:29:03,19.50252,-99.13318,0,4,0,BOOT\r
237,ORB_CP,0:00:03,238,0.0,77412.0,23,6.02,11:29:03,19.50263,-99.13333,5,4,0,BOOT\r
238,ORB_CP,0:00:03,239,0.0,77403.9,21,7.51,11:29:03,19.50247,-99.13316,9,4,0,BOOT\r
239,ORB_CP,0:00:03,240,0.0,77410.6,24,8.39,11:29:03,19.50247,-99.13314,3,6,0,BOOT\r
240,ORB_CP,0:00:04,241,0.0,77409.2,24,6.63,11:29:04,19.50262,-99.13326,1,8,0,BOOT\r
241,ORB_CP,0:00:04,242,0.0,77408.9,20,7.39,11:29:04,19.50252,-99.1332,7,10,0,BOOT\r
242,ORB_CP,0:00:04,243,0.0,77416.1,21,5.14,11:29:04,19.50248,-99.13321,6,0,0,BOOT\r
243,ORB_CP,0:00:04,244,0.0,77409.0,23,7.96,11:29:04,19.50258,-99.1333,9,2,0,BOOT\r
244,ORB_CP,0:00:04,245,0.0,77403.6,23,8.64,11:29:04,19.50256,-99.13316,4,0,0,BOOT\r
245,ORB_CP,0:00:04,246,0.0,77416.8,23,7.82,11:29:04,19.50261,-99.13328,2,10,0,BOOT\r
246,ORB_CP,0:00:04,247,0.0,77418.6,22,7.02,11:29:04,19.50253,-99.13322,4,0,0,BOOT\r
247,ORB_CP,0:00:04,248,0.0,77403.0,21,6.99,11:29:04,19.50255,-99.13314,4,7,0,BOOT\r
248,ORB_CP,0:00:04,249,0.0,77400.6,24,6.75,11:29:04,19.50256,-99.13328,2,1,0,BOOT\r
249,ORB_CP,0:00:04,250,0.0,77415.3,21,7.5,11:29:04,19.50248,-99.13321,7,1,0,BOOT\r
250,ORB_CP,0:00:04,251,0.0,77419.4,20,6.26,11:29:04,19.50261,-99.13317,4,3,0,BOOT\r
251,ORB_CP,0:00:04,252,0.0,77403.2,23,7.64,11:29:04,19.50256,-99.13323,6,9,0,BOOT\r
252,ORB_CP,0:00:04,253,0.0,77412.1,23,8.88,11:29:04,19.50247,-99.13317,1,9,0,BOOT\r
253,ORB_CP,0:00:04,254,0.0,77405.2,21,8.43,11:29:04,19.50261,-99.13323,2,4,0,BOOT\r
254,ORB_CP,0:00:04,255,0.0,77409.6,24,8.94,11:29:04,19.50248,-99.13317,2,3,0,BOOT\r
255,ORB_CP,0:00:04,256,0.0,77414.6,21,8.58,11:29:04,19.50249,-99.13331,6,2,0,BOOT\r
256,ORB_CP,0:00:04,257,0.0,77414.9,24,5.74,11:29:04,19.50258,-99.13329,10,9,0,BOOT\r
257,ORB_CP,0:00:04,258,0.0,77409.5,21,6.78,11:29:04,19.50261,-99.13322,1,3,0,BOOT\r
258,ORB_CP,0:00:04,259,0.0,77413.3,20,6.53,11:29:04,19.50256,-99.13323,5,0,0,BOOT\r
259,ORB_CP,0:00:04,260,0.0,77418.3,21,5.25,11:29:04,19.50263,-99.1333,1,8,0,BOOT\r
260,ORB_CP,0:00:04,261,0.0,77417.7,20,6.47,11:29:04,19.50253,-99.13317,5,5,0,BOOT\r
261,ORB_CP,0:00:04,262,0.0,77416.9,24,5.8,11:29:04,19.50254,-99.13319,0,10,0,BOOT\r
262,ORB_CP,0:00:04,263,0.0,77418.8,23,8.07,11:29:04,19.50263,-99.13332,7,1,0,BOOT\r
263,ORB_CP,0:00:04,264,0.0,77414.6,23,6.17,11:29:04,19.50253,-99.13326,4,9,0,BOOT\r
264,ORB_CP,0:00:04,265,0.0,77411.3,22,5.52,11:29:04,19.50247,-99.13322,4,1,0,BOOT\r
265,ORB_CP,0:00:04,266,0.0,77418.9,20,8.37,11:29:04,19.50259,-99.13329,8,1,0,BOOT\r
266,ORB_CP,0:00:04,267,0.0,77412.1,22,8.73,11:29:04,19.50261,-99.13324,7,5,0,BOOT\r
267,ORB_CP,0:00:04,268,0.0,77416.4,23,7.99,11:29:04,19.50262,-99.13321,5,3,0,BOOT\r
268,ORB_CP,0:00:04,269,0.0,77412.3,22,6.11,11:29:04,19.50252,-99.13331,10,3,0,BOOT\r
269,ORB_CP,0:00:04,270,0.0,77413.9,20,7.91,11:29:04,19.50256,-99.13324,5,8,0,BOOT\r
270,ORB_CP,0:00:04,271,0.0,77400.7,21,7.45,11:29:04,19.50256,-99.13319,3,6,0,BOOT\r
271,ORB_CP,0:00:04,272,0.0,77409.9,24,7.17,11:29:04,19.50255,-99.13332,2,8,0,BOOT\r
272,ORB_CP,0:00:04,273,0.0,77401.0,24,6.04,11:29:04,19.50253,-99.13324,2,6,0,BOOT\r
273,ORB_CP,0:00:04,274,0.0,77403.6,22,7.12,11:29:04,19.50252,-99.13327,1,5,0,BOOT\r
274,ORB_CP,0:00:04,275,0.0,77415.6,23,5.31,11:29:04,19.50261,-99.13314,4,7,0,BOOT\r
275,ORB_CP,0:00:04,276,0.0,77419.7,23,5.7,11:29:04,19.50247,-99.13316,10,10,0,BOOT\r
276,ORB_CP,0:00:04,277,0.0,77406.2,22,6.93,11:29:04,19.50263,-99.13327,0,6,0,BOOT\r
277,ORB_CP,0:00:04,278,0.0,77402.1,20,7.49,11:29:04,19.50247,-99.13329,9,10,0,BOOT\r
278,ORB_CP,0:00:04,279,0.0,77401.5,24,5.71,11:29:04,19.50256,-99.13324,8,4,0,BOOT\r
279,ORB_CP,0:00:04,280,0.0,77409.4,24,5.72,11:29:04,19.50255,-99.13322,7,5,0,BOOT\r
280,ORB_CP,0:00:04,281,0.0,77410.7,21,7.62,11:29:04,19.50253,-99.13328,0,5,0,BOOT\r
281,ORB_CP,0:00:04,282,0.0,77404.1,23,8.92,11:29:04,19.50253,-99.13322,6,8,0,BOOT\r
282,ORB_CP,0:00:04,283,0.0,77419.0,21,7.76,11:29:04,19.50248,-99.13332,10,10,0,BOOT\r
283,ORB_CP,0:00:04,284,0.0,77415.4,21,8.74,11:29:04,19.50259,-99.13322,5,6,0,BOOT\r
284,ORB_CP,0:00:04,285,0.0,77414.8,20,7.7,11:29:04,19.50258,-99.13326,2,8,0,BOOT\r
285,ORB_CP,0:00:04,286,0.0,77415.8,22,5.73,11:29:04,19.50251,-99.13325,7,0,0,BOOT\r
286,ORB_CP,0:00:04,287,0.0,77407.8,24,6.59,11:29:04,19.50249,-99.13313,10,2,0,BOOT\r
287,ORB_CP,0:00:04,288,0.0,77405.7,24,7.29,11:29:04,19.50258,-99.13324,9,1,0,BOOT\r
288,ORB_CP,0:00:04,289,0.0,77413.9,22,5.95,11:29:04,19.50248,-99.13324,3,3,0,BOOT\r
289,ORB_CP,0:00:04,290,0.0,77400.8,24,8.03,11:29:04,19.50256,-99.13326,9,4,0,BOOT\r
290,ORB_CP,0:00:04,291,0.0,77409.0,23,5.98,11:29:04,19.50258,-99.1332,4,6,0,BOOT\r
291,ORB_CP,0:00:04,292,0.0,77418.5,24,5.63,11:29:04,19.50263,-99.13315,4,6,0,BOOT\r
292,ORB_CP,0:00:04,293,0.0,77413.9,21,5.51,11:29:04,19.50257,-99.1333,8,6,0,BOOT\r
293,ORB_CP,0:00:04,294,0.0,77412.8,21,5.8,11:29:04,19.50256,-99.1332,1,6,0,BOOT\r
294,ORB_CP,0:00:04,295,0.0,77408.1,20,8.78,11:29:04,19.50258,-99.13319,7,4,0,BOOT\r
295,ORB_CP,0:00:04,296,0.0,77412.6,20,8.04,11:29:04,19.50251,-99.13322,6,8,0,BOOT\r
296,ORB_CP,0:00:04,297,0.0,77412.6,20,5.41,11:29:04,19.5025,-99.13317,1,6,0,BOOT\r
297,ORB_CP,0:00:04,298,0.0,77419.3,20,6.51,11:29:04,19.50257,-99.13313,2,10,0,BOOT\r
298,ORB_CP,0:00:04,299,0.0,77405.1,23,7.57,11:29:04,19.50259,-99.13314,10,9,0,BOOT\r
299,ORB_CP,0:00:04,300,0.0,77404.3,23,6.67,11:29:04,19.50247,-99.13328,1,1,0,BOOT\r
300,ORB_CP,0:00:05,301,0.0,77412.9,23,8.82,11:29:05,19.50262,-99.1333,2,9,0,BOOT\r
301,ORB_CP,0:00:05,302,0.0,77419.7,20,7.01,11:29:05,19.50259,-99.13325,7,10,0,BOOT\r
302,ORB_CP,0:00:05,303,0.0,77400.2,22,7.8,11:29:05,19.50249,-99.1332,5,9,0,BOOT\r
303,ORB_CP,0:00:05,304,0.0,77407.9,23,5.78,11:29:05,19.50258,-99.13322,6,3,0,BOOT\r
304,ORB_CP,0:00:05,305,0.0,77418.8,20,9.0,11:29:05,19.50246,-99.13326,3,7,0,BOOT\r
305,ORB_CP,0:00:05,306,0.0,77413.7,24,6.93,11:29:05,19.50263,-99.13314,8,6,0,BOOT\r
306,ORB_CP,0:00:05,307,0.0,77407.1,23,6.64,11:29:05,19.5025,-99.13317,4,1,0,BOOT\r
307,ORB_CP,0:00:05,308,0.0,77410.1,21,5.59,11:29:05,19.50258,-99.13313,8,7,0,BOOT\r
308,ORB_CP,0:00:05,309,0.0,77411.0,24,5.91,11:29:05,19.50253,-99.13326,10,10,0,BOOT\r
309,ORB_CP,0:00:05,310,0.0,77405.1,22,8.7,11:29:05,19.50255,-99.13322,6,3,0,BOOT\r
310,ORB_CP,0:00:05,311,0.0,77417.7,24,8.12,11:29:05,19.5026,-99.13314,6,4,0,BOOT\r
311,ORB_CP,0:00:05,312,0.0,77409.0,24,8.12,11:29:05,19.50263,-99.1332,7,10,0,BOOT\r
312,ORB_CP,0:00:05,313,0.0,77409.1,24,7.84,11:29:05,19.50258,-99.13327,6,6,0,BOOT\r
313,ORB_CP,0:00:05,314,0.0,77415.1,21,8.37,11:29:05,19.50253,-99.13325,1,7,0,BOOT\r
314,ORB_CP,0:00:05,315,0.0,77414.9,20,8.74,11:29:05,19.50253,-99.13328,5,10,0,BOOT\r
315,ORB_CP,0:00:05,316,0.0,77410.0,24,7.14,11:29:05,19.50249,-99.1332,0,1,0,BOOT\r
316,ORB_CP,0:00:05,317,0.0,77404.3,20,8.5,11:29:05,19.50247,-99.13328,0,10,0,BOOT\r
317,ORB_CP,0:00:05,318,0.0,77407.4,23,7.02,11:29:05,19.50249,-99.13331,7,7,0,BOOT\r
318,ORB_CP,0:00:05,319,0.0,77407.0,22,8.8,11:29:05,19.50251,-99.13316,4,3,0,BOOT\r
319,ORB_CP,0:00:05,320,0.0,77404.1,20,8.37,11:29:05,19.50255,-99.13313,4,9,0,BOOT\r
320,ORB_CP,0:00:05,321,0.0,77406.4,23,5.65,11:29:05,19.50253,-99.13315,4,4,0,BOOT\r
321,ORB_CP,0:00:05,322,0.0,77405.3,24,5.96,11:29:05,19.50257,-99.13313,0,10,0,BOOT\r
322,ORB_CP,0:00:05,323,0.0,77417.4,22,6.49,11:29:05,19.50257,-99.13325,7,9,0,BOOT\r
323,ORB_CP,0:00:05,324,0.0,77410.6,23,5.81,11:29:05,19.50255,-99.13332,4,2,0,BOOT\r
324,ORB_CP,0:00:05,325,0.0,77401.0,23,6.65,11:29:05,19.50255,-99.13324,3,7,0,BOOT\r
325,ORB_CP,0:00:05,326,0.0,77409.7,20,5.8,11:29:05,19.50258,-99.13329,9,2,0,BOOT\r
326,ORB_CP,0:00:05,327,0.0,77411.8,24,7.94,11:29:05,19.50256,-99.13321,8,3,0,BOOT\r
327,ORB_CP,0:00:05,328,0.0,77402.8,21,8.72,11:29:05,19.50263,-99.13331,6,5,0,BOOT\r
328,ORB_CP,0:00:05,329,0.0,77402.5,21,8.46,11:29:05,19.50263,-99.13313,2,10,0,BOOT\r
329,ORB_CP,0:00:05,330,0.0,77416.9,24,6.85,11:29:05,19.50263,-99.13319,4,8,0,BOOT\r
330,ORB_CP,0:00:05,331,0.0,77403.4,20,7.32,11:29:05,19.50248,-99.13327,0,5,0,BOOT\r
331,ORB_CP,0:00:05,332,0.0,77417.9,20,7.23,11:29:05,19.50261,-99.13325,4,9,0,BOOT\r
332,ORB_CP,0:00:05,333,0.0,77403.7,22,6.7,11:29:05,19.50247,-99.1333,6,4,0,BOOT\r
333,ORB_CP,0:00:05,334,0.0,77414.9,24,5.75,11:29:05,19.5026,-99.13321,9,4,0,BOOT\r
334,ORB_CP,0:00:05,335,0.0,77409.3,23,7.58,11:29:05,19.5026,-99.13326,2,8,0,BOOT\r
335,ORB_CP,0:00:05,336,0.0,77419.6,20,6.22,11:29:05,19.5025,-99.13316,7,4,0,BOOT\r
336,ORB_CP,0:00:05,337,0.0,77416.9,24,7.78,11:29:05,19.50251,-99.13333,9,8,0,BOOT\r
337,ORB_CP,0:00:05,338,0.0,77413.1,24,6.08,11:29:05,19.5026,-99.13316,10,9,0,BOOT\r
338,ORB_CP,0:00:05,339,0.0,77411.1,20,6.03,11:29:05,19.50263,-99.13331,2,2,0,BOOT\r
339,ORB_CP,0:00:05,340,0.0,77417.0,24,6.55,11:29:05,19.50254,-99.13317,1,5,0,BOOT\r
340,ORB_CP,0:00:05,341,0.0,77407.2,23,7.98,11:29:05,19.50253,-99.13322,6,4,0,BOOT\r
341,ORB_CP,0:00:05,342,0.0,77408.1,21,5.57,11:29:05,19.5025,-99.13326,0,2,0,BOOT\r
342,ORB_CP,0:00:05,343,0.0,77403.7,21,8.61,11:29:05,19.50263,-99.13317,3,6,0,BOOT\r
343,ORB_CP,0:00:05,344,0.0,77408.0,21,7.83,11:29:05,19.50254,-99.13318,8,10,0,BOOT\r
344,ORB_CP,0:00:05,345,0.0,77416.6,24,5.0,11:29:05,19.50255,-99.13316,4,2,0,BOOT\r
345,ORB_CP,0:00:05,346,0.0,77416.5,21,8.71,11:29:05,19.50254,-99.13313,8,4,0,BOOT\r
346,ORB_CP,0:00:05,347,0.0,77403.5,24,6.05,11:29:05,19.5025,-99.13327,10,0,0,BOOT\r
347,ORB_CP,0:00:05,348,0.0,77416.9,24,6.51,11:29:05,19.50253,-99.13324,2,0,0,BOOT\r
348,ORB_CP,0:00:05,349,0.0,77413.0,21,7.98,11:29:05,19.50259,-99.13316,4,8,0,BOOT\r
349,ORB_CP,0:00:05,350,0.0,77416.0,24,5.68,11:29:05,19.50254,-99.13319,2,8,0,BOOT\r
350,ORB_CP,0:00:05,351,0.0,77409.9,21,6.17,11:29:05,19.50254,-99.13322,1,0,0,BOOT\r
351,ORB_CP,0:00:05,352,0.0,77416.5,23,8.3,11:29:05,19.50253,-99.13313,9,4,0,BOOT\r
352,ORB_CP,0:00:05,353,0.0,77412.0,20,5.47,11:29:05,19.50257,-99.13322,2,6,0,BOOT\r
353,ORB_CP,0:00:05,354,0.0,77419.4,23,6.44,11:29:05,19.50259,-99.13313,4,4,0,BOOT\r
354,ORB_CP,0:00:05,355,0.0,77408.9,22,7.54,11:29:05,19.50253,-99.13324,4,8,0,BOOT\r
355,ORB_CP,0:00:05,356,0.0,77410.8,24,8.03,11:29:05,19.50252,-99.13327,7,3,0,BOOT\r
356,ORB_CP,0:00:05,357,0.0,77410.4,23,5.62,11:29:05,19.50259,-99.13329,4,10,0,BOOT\r
357,ORB_CP,0:00:05,358,0.0,77418.8,24,8.63,11:29:05,19.50248,-99.13316,4,2,0,BOOT\r
358,ORB_CP,0:00:05,359,0.0,77401.9,21,8.45,11:29:05,19.50251,-99.13315,1,0,0,BOOT\r
359,ORB_CP,0:00:05,360,0.0,77417.9,20,6.42,11:29:05,19.50261,-99.13329,5,8,0,BOOT\r
360,ORB_CP,0:00:06,361,0.0,77412.4,22,6.99,11:29:06,19.50252,-99.13313,1,1,0,BOOT\r
361,ORB_CP,0:00:06,362,0.0,77405.6,21,6.77,11:29:06,19.5025,-99.13331,6,2,0,BOOT\r
362,ORB_CP,0:00:06,363,0.0,77417.0,21,8.36,11:29:06,19.5025,-99.13319,5,9,0,BOOT\r
363,ORB_CP,0:00:06,364,0.0,77418.5,24,8.88,11:29:06,19.50257,-99.13326,7,9,0,BOOT\r
364,ORB_CP,0:00:06,365,0.0,77407.5,21,7.99,11:29:06,19.50261,-99.13325,7,7,0,BOOT\r
365,ORB_CP,0:00:06,366,0.0,77412.8,20,7.4,11:29:06,19.50255,-99.13322,7,1,0,BOOT\r
366,ORB_CP,0:00:06,367,0.0,77412.2,20,6.46,11:29:06,19.5026,-99.13325,1,8,0,BOOT\r
367,ORB_CP,0:00:06,368,0.0,77418.4,24,5.2,11:29:06,19.50248,-99.13323,3,1,0,BOOT\r
368,ORB_CP,0:00:06,369,0.0,77406.0,22,7.26,11:29:06,19.50247,-99.13322,4,4,0,BOOT\r
369,ORB_CP,0:00:06,370,0.0,77405.5,23,6.74,11:29:06,19.50248,-99.13318,2,7,0,BOOT\r
370,ORB_CP,0:00:06,371,0.0,77419.9,23,8.68,11:29:06,19.5026,-99.13317,0,10,0,BOOT\r
371,ORB_CP,0:00:06,372,0.0,77411.8,22,7.39,11:29:06,19.50246,-99.13314,10,3,0,BOOT\r
372,ORB_CP,0:00:06,373,0.0,77418.2,24,8.5,11:29:06,19.50257,-99.13327,4,4,0,BOOT\r
373,ORB_CP,0:00:06,374,0.0,77415.7,23,8.71,11:29:06,19.50246,-99.13327,5,6,0,BOOT\r
374,ORB_CP,0:00:06,375,0.0,77417.9,23,5.8,11:29:06,19.50248,-99.13323,6,0,0,BOOT\r
375,ORB_CP,0:00:06,376,0.0,77411.3,22,6.03,11:29:06,19.50262,-99.13317,0,2,0,BOOT\r
376,ORB_CP,0:00:06,377,0.0,77407.4,22,7.28,11:29:06,19.50261,-99.13331,7,9,0,BOOT\r
377,ORB_CP,0:00:06,378,0.0,77416.2,20,5.45,11:29:06,19.50248,-99.13327,9,7,0,BOOT\r
378,ORB_CP,0:00:06,379,0.0,77404.6,20,6.51,11:29:06,19.50247,-99.13325,7,9,0,BOOT\r
379,ORB_CP,0:00:06,380,0.0,77408.8,24,7.82,11:29:06,19.50253,-99.13313,6,0,0,BOOT\r
380,ORB_CP,0:00:06,381,0.0,77415.9,22,7.38,11:29:06,19.50262,-99.13322,10,3,0,BOOT\r
381,ORB_CP,0:00:06,382,0.0,77410.8,21,5.65,11:29:06,19.50247,-99.13314,2,5,0,BOOT\r
382,ORB_CP,0:00:06,383,0.0,77406.5,20,8.22,11:29:06,19.50246,-99.13332,3,9,0,BOOT\r
383,ORB_CP,0:00:06,384,0.0,77407.8,23,7.42,11:29:06,19.50261,-99.13331,8,5,0,BOOT\r
384,ORB_CP,0:00:06,385,0.0,77400.3,22,6.97,11:29:06,19.50257,-99.13331,2,6,0,BOOT\r
385,ORB_CP,0:00:06,386,0.0,77413.8,24,8.2,11:29:06,19.50264,-99.13331,3,8,0,BOOT\r
386,ORB_CP,0:00:06,387,0.0,77401.3,21,7.66,11:29:06,19.50248,-99.13324,9,6,0,BOOT\r
387,ORB_CP,0:00:06,388,0.0,77404.2,21,7.04,11:29:06,19.50263,-99.13315,2,2,0,BOOT\r
388,ORB_CP,0:00:06,389,0.0,77418.5,23,5.82,11:29:06,19.50251,-99.13331,7,6,0,BOOT\r
389,ORB_CP,0:00:06,390,0.0,77410.2,24,6.29,11:29:06,19.50264,-99.13314,8,0,0,BOOT\r
390,ORB_CP,0:00:06,391,0.0,77417.5,22,7.15,11:29:06,19.50252,-99.1333,4,10,0,BOOT\r
391,ORB_CP,0:00:06,392,0.0,77411.0,20,7.01,11:29:06,19.50257,-99.13324,3,10,0,BOOT\r
392,ORB_CP,0:00:06,393,0.0,77411.6,21,6.49,11:29:06,19.50255,-99.13327,9,1,0,BOOT\r
393,ORB_CP,0:00:06,394,0.0,77400.6,21,8.62,11:29:06,19.5025,-99.13321,1,8,0,BOOT\r
394,ORB_CP,0:00:06,395,0.0,77410.2,22,8.14,11:29:06,19.50251,-99.13322,9,6,0,BOOT\r
395,ORB_CP,0:00:06,396,0.0,77415.4,21,8.6,11:29:06,19.50263,-99.13319,0,7,0,BOOT\r
396,ORB_CP,0:00:06,397,0.0,77413.8,23,5.23,11:29:06,19.50257,-99.13331,6,3,0,BOOT\r
397,ORB_CP,0:00:06,398,0.0,77410.1,20,8.16,11:29:06,19.50263,-99.13324,0,5,0,BOOT\r
398,ORB_CP,0:00:06,399,0.0,77417.9,20,5.54,11:29:06,19.50262,-99.13321,7,2,0,BOOT\r
399,ORB_CP,0:00:06,400,0.0,77417.3,24,6.3,11:29:06,19.50251,-99.13326,8,8,0,BOOT\r
400,ORB_CP,0:00:06,401,0.0,77411.5,23,5.52,11:29:06,19.50249,-99.13314,4,10,0,BOOT\r
401,ORB_CP,0:00:06,402,0.0,77418.4,20,5.32,11:29:06,19.50262,-99.13332,9,10,0,BOOT\r
402,ORB_CP,0:00:06,403,0.0,77412.3,24,6.45,11:29:06,19.50248,-99.13329,5,1,0,BOOT\r
403,ORB_CP,0:00:06,404,0.0,77413.7,24,5.34,11:29:06,19.50256,-99.1332,0,8,0,BOOT\r
404,ORB_CP,0:00:06,405,0.0,77411.6,22,6.01,11:29:06,19.50254,-99.13332,4,5,0,BOOT\r
405,ORB_CP,0:00:06,406,0.0,77417.8,22,7.72,11:29:06,19.50263,-99.13318,4,6,0,BOOT\r
406,ORB_CP,0:00:06,407,0.0,77413.8,22,6.79,11:29:06,19.50258,-99.13317,7,2,0,BOOT\r
407,ORB_CP,0:00:06,408,0.0,77402.4,22,7.87,11:29:06,19.50251,-99.13328,8,1,0,BOOT\r
408,ORB_CP,0:00:06,409,0.0,77404.4,20,5.95,11:29:06,19.50246,-99.13317,10,8,0,BOOT\r
409,ORB_CP,0:00:06,410,0.0,77405.3,21,8.39,11:29:06,19.50263,-99.13331,6,0,0,BOOT\r
410,ORB_CP,0:00:06,411,0.0,77414.7,22,5.96,11:29:06,19.50248,-99.13329,2,9,0,BOOT\r
411,ORB_CP,0:00:06,412,0.0,77409.7,23,5.33,11:29:06,19.50252,-99.13315,9,8,0,BOOT\r
412,ORB_CP,0:00:06,413,0.0,77407.4,21,6.99,11:29:06,19.50246,-99.13317,4,2,0,BOOT\r
413,ORB_CP,0:00:06,414,0.0,77410.2,20,8.23,11:29:06,19.50262,-99.13315,1,10,0,BOOT\r
414,ORB_CP,0:00:06,415,0.0,77407.0,24,5.42,11:29:06,19.50254,-99.13319,9,10,0,BOOT\r
415,ORB_CP,0:00:06,416,0.0,77409.5,20,5.3,11:29:06,19.50253,-99.13331,2,3,0,BOOT\r
416,ORB_CP,0:00:06,417,0.0,77417.3,23,8.28,11:29:06,19.5026,-99.13333,6,1,0,BOOT\r
417,ORB_CP,0:00:06,418,0.0,77415.8,20,6.86,11:29:06,19.50261,-99.13333,9,3,0,BOOT\r
418,ORB_CP,0:00:06,419,0.0,77418.5,23,8.67,11:29:06,19.50264,-99.13327,1,5,0,BOOT\r
419,ORB_CP,0:00:06,420,0.0,77413.0,24,7.93,11:29:06,19.50247,-99.1332,1,5,0,BOOT\r
420,ORB_CP,0:00:07,421,0.0,77408.7,24,7.74,11:29:07,19.50256,-99.13325,2,4,0,BOOT\r
421,ORB_CP,0:00:07,422,0.0,77411.2,24,6.83,11:29:07,19.5026,-99.13324,9,2,0,BOOT\r
422,ORB_CP,0:00:07,423,0.0,77417.2,20,5.45,11:29:07,19.50259,-99.13326,3,5,0,BOOT\r
423,ORB_CP,0:00:07,424,0.0,77407.8,24,6.47,11:29:07,19.50261,-99.13319,10,6,0,BOOT\r
424,ORB_CP,0:00:07,425,0.0,77417.2,23,5.92,11:29:07,19.50253,-99.13332,6,6,0,BOOT\r
425,ORB_CP,0:00:07,426,0.0,77412.4,24,6.37,11:29:07,19.50262,-99.13321,0,1,0,BOOT\r
426,ORB_CP,0:00:07,427,0.0,77412.6,23,8.02,11:29:07,19.50261,-99.13319,7,7,0,BOOT\r
427,ORB_CP,0:00:07,428,0.0,77414.4,21,8.89,11:29:07,19.50261,-99.13329,0,3,0,BOOT\r
428,ORB_CP,0:00:07,429,0.0,77413.3,21,6.67,11:29:07,19.50253,-99.13323,0,5,0,BOOT\r
429,ORB_CP,0:00:07,430,0.0,77408.1,23,8.04,11:29:07,19.50246,-99.13325,2,1,0,BOOT\r
430,ORB_CP,0:00:07,431,0.0,77417.5,20,7.65,11:29:07,19.50262,-99.13316,5,1,0,BOOT\r
431,ORB_CP,0:00:07,432,0.0,77400.9,24,5.79,11:29:07,19.50251,-99.13324,0,1,0,BOOT\r
432,ORB_CP,0:00:07,433,0.0,77412.0,22,8.82,11:29:07,19.50261,-99.13325,8,9,0,BOOT\r
433,ORB_CP,0:00:07,434,0.0,77411.8,20,5.96,11:29:07,19.5026,-99.13331,9,10,0,BOOT\r
434,ORB_CP,0:00:07,435,0.0,77409.2,21,8.01,11:29:07,19.50257,-99.13314,8,3,0,BOOT\r
435,ORB_CP,0:00:07,436,0.0,77405.4,23,5.24,11:29:07,19.50255,-99.13327,0,6,0,BOOT\r
436,ORB_CP,0:00:07,437,0.0,77417.0,20,6.35,11:29:07,19.50252,-99.13325,7,6,0,BOOT\r
437,ORB_CP,0:00:07,438,0.0,77404.8,22,6.81,11:29:07,19.50251,-99.13322,5,5,0,BOOT\r
438,ORB_CP,0:00:07,439,0.0,77414.4,23,8.86,11:29:07,19.50263,-99.13326,9,10,0,BOOT\r
439,ORB_CP,0:00:07,440,0.0,77405.7,20,5.18,11:29:07,19.50258,-99.13323,10,7,0,BOOT\r
440,ORB_CP,0:00:07,441,0.0,77418.5,22,5.47,11:29:07,19.50254,-99.13319,1,4,0,BOOT\r
441,ORB_CP,0:00:07,442,0.0,77416.6,24,8.44,11:29:07,19.50255,-99.13328,10,10,0,BOOT\r
442,ORB_CP,0:00:07,443,0.0,77404.0,24,8.33,11:29:07,19.50252,-99.13328,1,0,0,BOOT\r
443,ORB_CP,0:00:07,444,0.0,77412.3,20,7.25,11:29:07,19.50258,-99.13319,3,5,0,BOOT\r
444,ORB_CP,0:00:07,445,0.0,77400.4,23,8.45,11:29:07,19.50259,-99.13333,10,6,0,BOOT\r
445,ORB_CP,0:00:07,446,0.0,77406.6,24,8.25,11:29:07,19.50246,-99.1332,1,6,0,BOOT\r
446,ORB_CP,0:00:07,447,0.0,77411.9,21,8.34,11:29:07,19.5026,-99.13313,0,8,0,BOOT\r
447,ORB_CP,0:00:07,448,0.0,77411.3,20,5.95,11:29:07,19.50264,-99.1333,5,4,0,BOOT\r
448,ORB_CP,0:00:07,449,0.0,77400.5,24,8.74,11:29:07,19.50261,-99.1333,2,9,0,BOOT\r
449,ORB_CP,0:00:07,450,0.0,77410.5,22,6.02,11:29:07,19.50249,-99.13326,2,8,0,BOOT\r
450,ORB_CP,0:00:07,451,0.0,77411.5,23,7.62,11:29:07,19.50251,-99.13329,1,8,0,BOOT\r
451,ORB_CP,0:00:07,452,0.0,77411.8,23,7.01,11:29:07,19.50249,-99.13332,10,1,0,BOOT\r
452,ORB_CP,0:00:07,453,0.0,77418.5,24,7.1,11:29:07,19.50257,-99.13317,6,8,0,BOOT\r
453,ORB_CP,0:00:07,454,0.0,77419.7,21,7.13,11:29:07,19.50258,-99.13317,4,7,0,BOOT\r
454,ORB_CP,0:00:07,455,0.0,77407.5,22,8.19,11:29:07,19.50248,-99.13322,10,5,0,BOOT\r
455,ORB_CP,0:00:07,456,0.0,77407.8,20,6.52,11:29:07,19.50256,-99.13316,3,6,0,BOOT\r
456,ORB_CP,0:00:07,457,0.0,77403.0,24,7.76,11:29:07,19.50252,-99.13322,0,0,0,BOOT\r
457,ORB_CP,0:00:07,458,0.0,77402.4,22,7.24,11:29:07,19.50255,-99.1333,10,2,0,BOOT\r
458,ORB_CP,0:00:07,459,0.0,77415.2,23,8.97,11:29:07,19.50252,-99.13319,4,1,0,BOOT\r
459,ORB_CP,0:00:07,460,0.0,77417.0,24,5.65,11:29:07,19.50252,-99.13314,8,3,0,BOOT\r
460,ORB_CP,0:00:07,461,0.0,77402.7,20,5.13,11:29:07,19.50258,-99.13315,2,9,0,BOOT\r
461,ORB_CP,0:00:07,462,0.0,77407.0,23,7.44,11:29:07,19.50252,-99.13313,3,7,0,BOOT\r
462,ORB_CP,0:00:07,463,0.0,77415.6,21,7.8,11:29:07,19.50256,-99.13321,10,6,0,BOOT\r
463,ORB_CP,0:00:07,464,0.0,77403.4,21,8.39,11:29:07,19.50253,-99.13331,4,5,0,BOOT\r
464,ORB_CP,0:00:07,465,0.0,77418.5,24,6.61,11:29:07,19.50255,-99.13318,9,2,0,BOOT\r
465,ORB_CP,0:00:07,466,0.0,77418.8,22,5.56,11:29:07,19.50254,-99.13317,2,3,0,BOOT\r
466,ORB_CP,0:00:07,467,0.0,77416.2,23,7.1,11:29:07,19.50263,-99.13321,0,2,0,BOOT\r
467,ORB_CP,0:00:07,468,0.0,77401.1,22,5.12,11:29:07,19.50253,-99.13329,3,9,0,BOOT\r
468,ORB_CP,0:00:07,469,0.0,77418.8,20,7.75,11:29:07,19.50247,-99.13314,6,4,0,BOOT\r
469,ORB_CP,0:00:07,470,0.0,77418.1,22,6.99,11:29:07,19.50251,-99.13331,8,3,0,BOOT\r
470,ORB_CP,0:00:07,471,0.0,77414.9,23,8.85,11:29:07,19.50255,-99.13328,6,2,0,BOOT\r
471,ORB_CP,0:00:07,472,0.0,77410.2,20,6.42,11:29:07,19.50256,-99.13332,8,8,0,BOOT\r
472,ORB_CP,0:00:07,473,0.0,77410.7,24,8.95,11:29:07,19.50257,-99.13321,1,4,0,BOOT\r
473,ORB_CP,0:00:07,474,0.0,77402.5,22,5.14,11:29:07,19.50255,-99.13319,10,0,0,BOOT\r
474,ORB_CP,0:00:07,475,0.0,77409.4,22,8.57,11:29:07,19.50253,-99.13321,5,0,0,BOOT\r
475,ORB_CP,0:00:07,476,0.0,77405.0,23,5.23,11:29:07,19.50264,-99.13313,3,0,0,BOOT\r
476,ORB_CP,0:00:07,477,0.0,77416.7,23,6.68,11:29:07,19.50251,-99.13315,10,10,0,BOOT\r
477,ORB_CP,0:00:07,478,0.0,77406.6,22,6.14,11:29:07,19.50247,-99.1332,1,3,0,BOOT\r
478,ORB_CP,0:00:07,479,0.0,77412.1,21,6.63,11:29:07,19.50257,-99.13328,4,9,0,BOOT\r
479,ORB_CP,0:00:07,480,0.0,77401.5,20,5.47,11:29:07,19.50255,-99.13319,3,1,0,BOOT\r
480,ORB_CP,0:00:08,481,0.0,77403.7,21,6.56,11:29:08,19.5026,-99.13332,8,5,0,BOOT\r
481,ORB_CP,0:00:08,482,0.0,77407.0,23,7.21,11:29:08,19.50259,-99.13317,5,2,0,BOOT\r
482,ORB_CP,0:00:08,483,0.0,77403.3,20,5.1,11:29:08,19.50261,-99.13329,8,6,0,BOOT\r
483,ORB_CP,0:00:08,484,0.0,77411.6,20,6.81,11:29:08,19.50261,-99.13331,4,5,0,BOOT\r
484,ORB_CP,0:00:08,485,0.0,77403.6,20,5.94,11:29:08,19.50259,-99.13332,8,9,0,BOOT\r
485,ORB_CP,0:00:08,486,0.0,77402.5,21,5.92,11:29:08,19.50262,-99.13325,10,5,0,BOOT\r
486,ORB_CP,0:00:08,487,0.0,77414.0,23,7.37,11:29:08,19.50254,-99.13331,9,3,0,BOOT\r
487,ORB_CP,0:00:08,488,0.0,77404.1,23,6.9,11:29:08,19.5026,-99.1333,10,5,0,BOOT\r
488,ORB_CP,0:00:08,489,0.0,77415.1,22,6.72,11:29:08,19.50255,-99.13324,10,8,0,BOOT\r
489,ORB_CP,0:00:08,490,0.0,77414.8,21,5.93,11:29:08,19.50257,-99.13315,3,4,0,BOOT\r
490,ORB_CP,0:00:08,491,0.0,77411.4,22,8.1,11:29:08,19.50258,-99.13323,1,5,0,BOOT\r
491,ORB_CP,0:00:08,492,0.0,77415.9,22,6.76,11:29:08,19.50259,-99.13319,3,9,0,BOOT\r
492,ORB_CP,0:00:08,493,0.0,77416.4,23,6.33,11:29:08,19.50261,-99.1332,9,2,0,BOOT\r
493,ORB_CP,0:00:08,494,0.0,77400.1,24,5.16,11:29:08,19.50249,-99.13324,0,8,0,BOOT\r
494,ORB_CP,0:00:08,495,0.0,77408.7,23,8.97,11:29:08,19.50264,-99.13328,3,7,0,BOOT\r
495,ORB_CP,0:00:08,496,0.0,77416.1,22,5.31,11:29:08,19.50264,-99.13314,3,3,0,BOOT\r
496,ORB_CP,0:00:08,497,0.0,77407.6,24,6.85,11:29:08,19.50247,-99.13315,10,3,0,BOOT\r
497,ORB_CP,0:00:08,498,0.0,77414.6,23,6.04,11:29:08,19.50262,-99.13314,2,7,0,BOOT\r
498,ORB_CP,0:00:08,499,0.0,77417.5,21,8.85,11:29:08,19.50248,-99.13332,1,4,0,BOOT\r
499,ORB_CP,0:00:08,500,0.0,77409.5,23,6.81,11:29:08,19.50262,-99.13331,8,9,0,BOOT\r
500,ORB_CP,0:00:08,501,0.0,77409.3,22,5.39,11:29:08,19.50262,-99.13325,5,0,0,BOOT\r
501,ORB_CP,0:00:08,502,0.0,77414.0,24,5.79,11:29:08,19.5026,-99.13324,6,7,0,BOOT\r
502,ORB_CP,0:00:08,503,0.0,77417.5,21,6.06,11:29:08,19.50259,-99.13326,5,5,0,BOOT\r
503,ORB_CP,0:00:08,504,0.0,77410.8,22,5.29,11:29:08,19.5026,-99.13331,2,10,0,BOOT\r
504,ORB_CP,0:00:08,505,0.0,77411.7,24,5.6,11:29:08,19.50261,-99.13322,8,4,0,BOOT\r
505,ORB_CP,0:00:08,506,0.0,77408.1,21,5.77,11:29:08,19.50247,-99.13317,1,1,0,BOOT\r
506,ORB_CP,0:00:08,507,0.0,77413.8,20,7.97,11:29:08,19.50255,-99.13319,7,4,0,BOOT\r
507,ORB_CP,0:00:08,508,0.0,77400.5,24,6.84,11:29:08,19.50256,-99.13316,8,10,0,BOOT\r
508,ORB_CP,0:00:08,509,0.0,77410.5,24,6.69,11:29:08,19.50249,-99.13313,2,1,0,BOOT\r
509,ORB_CP,0:00:08,510,0.0,77419.3,22,6.32,11:29:08,19.50248,-99.13313,9,3,0,BOOT\r
510,ORB_CP,0:00:08,511,0.0,77417.1,20,8.0,11:29:08,19.5025,-99.1332,1,9,0,BOOT\r
511,ORB_CP,0:00:08,512,0.0,77401.4,23,5.59,11:29:08,19.5025,-99.13317,5,4,0,BOOT\r
512,ORB_CP,0:00:08,513,0.0,77400.2,22,8.39,11:29:08,19.50251,-99.1332,4,0,0,BOOT\r
513,ORB_CP,0:00:08,514,0.0,77400.1,24,6.35,11:29:08,19.50256,-99.13316,3,4,0,BOOT\r
514,ORB_CP,0:00:08,515,0.0,77403.3,21,5.16,11:29:08,19.50252,-99.13318,6,2,0,BOOT\r
515,ORB_CP,0:00:08,516,0.0,77411.4,21,8.03,11:29:08,19.50251,-99.13323,6,6,0,BOOT\r
516,ORB_CP,0:00:08,517,0.0,77405.8,22,6.78,11:29:08,19.50263,-99.13331,6,0,0,BOOT\r
517,ORB_CP,0:00:08,518,0.0,77400.1,24,7.1,11:29:08,19.50255,-99.13316,10,10,0,BOOT\r
518,ORB_CP,0:00:08,519,0.0,77418.9,23,6.59,11:29:08,19.50256,-99.13317,2,1,0,BOOT\r
519,ORB_CP,0:00:08,520,0.0,77409.1,22,5.77,11:29:08,19.50258,-99.13327,8,3,0,BOOT\r
520,ORB_CP,0:00:08,521,0.0,77407.1,23,8.84,11:29:08,19.50251,-99.13315,4,2,0,BOOT\r
521,ORB_CP,0:00:08,522,0.0,77404.7,23,5.55,11:29:08,19.50252,-99.13328,4,8,0,BOOT\r
522,ORB_CP,0:00:08,523,0.0,77413.9,24,7.25,11:29:08,19.50252,-99.13332,2,2,0,BOOT\r
523,ORB_CP,0:00:08,524,0.0,77414.9,23,7.88,11:29:08,19.50262,-99.13322,4,2,0,BOOT\r
524,ORB_CP,0:00:08,525,0.0,77408.4,21,8.4,11:29:08,19.50251,-99.13329,6,1,0,BOOT\r
525,ORB_CP,0:00:08,526,0.0,77405.5,21,5.18,11:29:08,19.50252,-99.1332,10,4,0,BOOT\r
526,ORB_CP,0:00:08,527,0.0,77401.1,24,7.5,11:29:08,19.5026,-99.13324,2,3,0,BOOT\r
527,ORB_CP,0:00:08,528,0.0,77415.8,24,7.91,11:29:08,19.5026,-99.13329,10,6,0,BOOT\r
528,ORB_CP,0:00:08,529,0.0,77401.1,23,6.07,11:29:08,19.50246,-99.13314,4,2,0,BOOT\r
529,ORB_CP,0:00:08,530,0.0,77414.3,21,7.21,11:29:08,19.50259,-99.13327,10,2,0,BOOT\r
530,ORB_CP,0:00:08,531,0.0,77404.0,21,6.25,11:29:08,19.50251,-99.13324,0,3,0,BOOT\r
531,ORB_CP,0:00:08,532,0.0,77400.5,23,5.09,11:29:08,19.50249,-99.13319,1,1,0,BOOT\r
532,ORB_CP,0:00:08,533,0.0,77408.4,22,6.55,11:29:08,19.50262,-99.13332,8,6,0,BOOT\r
533,ORB_CP,0:00:08,534,0.0,77405.4,20,7.5,11:29:08,19.50249,-99.13313,8,3,0,BOOT\r
534,ORB_CP,0:00:08,535,0.0,77415.0,21,6.32,11:29:08,19.5025,-99.13321,6,1,0,BOOT\r
535,ORB_CP,0:00:08,536,0.0,77416.7,24,8.89,11:29:08,19.50261,-99.13314,8,10,0,BOOT\r
536,ORB_CP,0:00:08,537,0.0,77407.0,21,6.39,11:29:08,19.50252,-99.13314,7,4,0,BOOT\r
537,ORB_CP,0:00:08,538,0.0,77403.2,21,7.3,11:29:08,19.50259,-99.13313,9,0,0,BOOT\r
538,ORB_CP,0:00:08,539,0.0,77407.7,20,7.19,11:29:08,19.50252,-99.13331,9,7,0,BOOT\r
539,ORB_CP,0:00:08,540,0.0,77413.4,24,7.46,11:29:08,19.50264,-99.13321,9,7,0,BOOT\r
540,ORB_CP,0:00:09,541,0.0,77419.9,22,8.95,11:29:09,19.50251,-99.13327,5,10,0,BOOT\r
541,ORB_CP,0:00:09,542,0.0,77403.1,21,5.1,11:29:09,19.50251,-99.13326,0,0,0,BOOT\r
542,ORB_CP,0:00:09,543,0.0,77405.6,22,7.78,11:29:09,19.50263,-99.13328,10,3,0,BOOT\r
543,ORB_CP,0:00:09,544,0.0,77409.0,20,6.73,11:29:09,19.50253,-99.13323,9,10,0,BOOT\r
544,ORB_CP,0:00:09,545,0.0,77404.9,24,5.75,11:29:09,19.5025,-99.13332,7,4,0,BOOT\r
545,ORB_CP,0:00:09,546,0.0,77410.0,20,7.25,11:29:09,19.50259,-99.13317,6,5,0,BOOT\r
546,ORB_CP,0:00:09,547,0.0,77417.3,20,8.64,11:29:09,19.5025,-99.13329,3,10,0,BOOT\r
547,ORB_CP,0:00:09,548,0.0,77407.4,23,7.9,11:29:09,19.50254,-99.13322,0,3,0,BOOT\r
548,ORB_CP,0:00:09,549,0.0,77400.9,21,8.54,11:29:09,19.50254,-99.13323,8,8,0,BOOT\r
549,ORB_CP,0:00:09,550,0.0,77402.3,20,8.76,11:29:09,19.5026,-99.13328,0,5,0,BOOT\r
550,ORB_CP,0:00:09,551,0.0,77402.1,20,6.15,11:29:09,19.50251,-99.13328,1,4,0,BOOT\r
551,ORB_CP,0:00:09,552,0.0,77403.6,22,6.44,11:29:09,19.50262,-99.13324,4,10,0,BOOT\r
552,ORB_CP,0:00:09,553,0.0,77407.5,20,5.6,11:29:09,19.50256,-99.13328,5,8,0,BOOT\r
553,ORB_CP,0:00:09,554,0.0,77413.0,20,7.88,11:29:09,19.50261,-99.13321,0,7,0,BOOT\r
554,ORB_CP,0:00:09,555,0.0,77417.8,24,6.35,11:29:09,19.50253,-99.13326,7,3,0,BOOT\r
555,ORB_CP,0:00:09,556,0.0,77411.6,24,8.75,11:29:09,19.50245,-99.1332,0,1,0,BOOT\r
556,ORB_CP,0:00:09,557,0.0,77417.7,20,7.55,11:29:09,19.50262,-99.13324,8,0,0,BOOT\r
557,ORB_CP,0:00:09,558,0.0,77410.7,24,8.08,11:29:09,19.50264,-99.13315,7,7,0,BOOT\r
558,ORB_CP,0:00:09,559,0.0,77411.1,22,7.58,11:29:09,19.50249,-99.13327,9,10,0,BOOT\r
559,ORB_CP,0:00:09,560,0.0,77417.3,24,6.43,11:29:09,19.50256,-99.13319,2,8,0,BOOT\r
560,ORB_CP,0:00:09,561,0.0,77417.9,21,6.01,11:29:09,19.5026,-99.13318,6,3,0,BOOT\r
561,ORB_CP,0:00:09,562,0.0,77416.7,20,6.4,11:29:09,19.50256,-99.13313,4,4,0,BOOT\r
562,ORB_CP,0:00:09,563,0.0,77408.4,22,7.64,11:29:09,19.5025,-99.13319,5,1,0,BOOT\r
563,ORB_CP,0:00:09,564,0.0,77406.5,20,6.3,11:29:09,19.50246,-99.13318,3,3,0,BOOT\r
564,ORB_CP,0:00:09,565,0.0,77415.3,22,5.82,11:29:09,19.50254,-99.13329,9,0,0,BOOT\r
565,ORB_CP,0:00:09,566,0.0,77405.6,21,5.43,11:29:09,19.50256,-99.13323,7,9,0,BOOT\r
566,ORB_CP,0:00:09,567,0.0,77418.1,21,7.89,11:29:09,19.50247,-99.13324,3,0,0,BOOT\r
567,ORB_CP,0:00:09,568,0.0,77404.9,24,7.53,11:29:09,19.50246,-99.13322,9,10,0,BOOT\r
568,ORB_CP,0:00:09,569,0.0,77410.3,23,5.04,11:29:09,19.50246,-99.13328,5,7,0,BOOT\r
569,ORB_CP,0:00:09,570,0.0,77415.3,22,7.22,11:29:09,19.50259,-99.13314,8,1,0,BOOT\r
570,ORB_CP,0:00:09,571,0.0,77410.2,21,8.87,11:29:09,19.50248,-99.13315,4,1,0,BOOT\r
571,ORB_CP,0:00:09,572,0.0,77401.7,22,8.08,11:29:09,19.50248,-99.1332,0,5,0,BOOT\r
572,ORB_CP,0:00:09,573,0.0,77410.9,21,5.19,11:29:09,19.50261,-99.13317,6,3,0,BOOT\r
573,ORB_CP,0:00:09,574,0.0,77400.7,20,6.37,11:29:09,19.50248,-99.13332,7,2,0,BOOT\r
574,ORB_CP,0:00:09,575,0.0,77410.9,21,8.65,11:29:09,19.5025,-99.13322,3,3,0,BOOT\r
575,ORB_CP,0:00:09,576,0.0,77419.1,24,5.17,11:29:09,19.50262,-99.13323,1,7,0,BOOT\r
576,ORB_CP,0:00:09,577,0.0,77419.1,21,8.53,11:29:09,19.5026,-99.13327,10,3,0,BOOT\r
577,ORB_CP,0:00:09,578,0.0,77417.3,24,5.12,11:29:09,19.50249,-99.13321,6,1,0,BOOT\r
578,ORB_CP,0:00:09,579,0.0,77409.5,24,5.56,11:29:09,19.50261,-99.13332,2,0,0,BOOT\r
579,ORB_CP,0:00:09,580,0.0,77417.1,21,5.62,11:29:09,19.50262,-99.13329,0,10,0,BOOT\r
580,ORB_CP,0:00:09,581,0.0,77401.9,23,5.54,11:29:09,19.50248,-99.13324,4,3,0,BOOT\r
581,ORB_CP,0:00:09,582,0.0,77401.7,21,6.49,11:29:09,19.50251,-99.13327,1,3,0,BOOT\r
582,ORB_CP,0:00:09,583,0.0,77401.3,23,5.68,11:29:09,19.50246,-99.13327,6,1,0,BOOT\r
583,ORB_CP,0:00:09,584,0.0,77409.1,22,5.13,11:29:09,19.50262,-99.13317,1,10,0,BOOT\r
584,ORB_CP,0:00:09,585,0.0,77410.1,22,7.74,11:29:09,19.50252,-99.13322,5,7,0,BOOT\r
585,ORB_CP,0:00:09,586,0.0,77413.2,20,8.02,11:29:09,19.50258,-99.13329,3,0,0,BOOT\r
586,ORB_CP,0:00:09,587,0.0,77409.0,21,7.03,11:29:09,19.50255,-99.13314,3,4,0,BOOT\r
587,ORB_CP,0:00:09,588,0.0,77417.9,23,6.21,11:29:09,19.50263,-99.13321,0,1,0,BOOT\r
588,ORB_CP,0:00:09,589,0.0,77413.3,22,6.68,11:29:09,19.5025,-99.13324,8,9,0,BOOT\r
589,ORB_CP,0:00:09,590,0.0,77418.6,20,8.72,11:29:09,19.50248,-99.13315,7,0,0,BOOT\r
590,ORB_CP,0:00:09,591,0.0,77419.7,23,5.73,11:29:09,19.50255,-99.1333,1,6,0,BOOT\r
591,ORB_CP,0:00:09,592,0.0,77411.6,24,7.26,11:29:09,19.5025,-99.13323,4,7,0,BOOT\r
592,ORB_CP,0:00:09,593,0.0,77405.8,22,8.8,11:29:09,19.50246,-99.13332,2,6,0,BOOT\r
593,ORB_CP,0:00:09,594,0.0,77419.0,23,8.72,11:29:09,19.50264,-99.13318,7,1,0,BOOT\r
594,ORB_CP,0:00:09,595,0.0,77411.8,21,7.37,11:29:09,19.50255,-99.1333,6,9,0,BOOT\r
595,ORB_CP,0:00:09,596,0.0,77407.1,24,8.21,11:29:09,19.50253,-99.13324,5,2,0,BOOT\r
596,ORB_CP,0:00:09,597,0.0,77400.7,23,5.4,11:29:09,19.50251,-99.13329,10,1,0,BOOT\r
597,ORB_CP,0:00:09,598,0.0,77417.3,22,6.47,11:29:09,19.50256,-99.1333,5,1,0,BOOT\r
598,ORB_CP,0:00:09,599,0.0,77402.6,22,6.8,11:29:09,19.5026,-99.13317,0,7,0,BOOT\r
599,ORB_CP,0:00:09,600,0.0,77412.1,24,5.7,11:29:09,19.50252,-99.1332,6,4,0,BOOT\r
600,ORB_CP,0:00:10,601,0.0,77401.1,22,8.0,11:29:10,19.50254,-99.13329,9,2,0,BOOT\r
601,ORB_CP,0:00:10,602,0.0,77404.3,23,6.92,11:29:10,19.5026,-99.13324,7,0,0,BOOT\r
602,ORB_CP,0:00:10,603,0.0,77412.0,23,6.36,11:29:10,19.50256,-99.13313,0,3,0,BOOT\r
603,ORB_CP,0:00:10,604,0.0,77406.6,23,7.69,11:29:10,19.50262,-99.13322,7,3,0,BOOT\r
604,ORB_CP,0:00:10,605,0.0,77405.6,24,8.44,11:29:10,19.5025,-99.13322,3,2,0,BOOT\r
605,ORB_CP,0:00:10,606,0.0,77403.3,22,8.15,11:29:10,19.5025,-99.13313,9,7,0,BOOT\r
606,ORB_CP,0:00:10,607,0.0,77400.2,21,7.4,11:29:10,19.50262,-99.13322,5,1,0,BOOT\r
607,ORB_CP,0:00:10,608,0.0,77412.0,24,7.29,11:29:10,19.50264,-99.1332,3,5,0,BOOT\r
608,ORB_CP,0:00:10,609,0.0,77403.8,20,6.83,11:29:10,19.50253,-99.13332,1,1,0,BOOT\r
609,ORB_CP,0:00:10,610,0.0,77411.5,23,5.94,11:29:10,19.50248,-99.13319,8,7,0,BOOT\r
610,ORB_CP,0:00:10,611,0.0,77414.0,24,6.04,11:29:10,19.50256,-99.13331,9,5,0,BOOT\r
611,ORB_CP,0:00:10,612,0.0,77406.4,23,8.85,11:29:10,19.50249,-99.13328,9,4,0,BOOT\r
612,ORB_CP,0:00:10,613,0.0,77419.9,20,7.89,11:29:10,19.50254,-99.13331,2,4,0,BOOT\r
613,ORB_CP,0:00:10,614,0.0,77409.4,20,7.38,11:29:10,19.50255,-99.13323,7,2,0,BOOT\r
614,ORB_CP,0:00:10,615,0.0,77419.9,20,8.91,11:29:10,19.50249,-99.13329,10,8,0,BOOT\r
615,ORB_CP,0:00:10,616,0.0,77418.8,20,8.56,11:29:10,19.50255,-99.13323,7,10,0,BOOT\r
616,ORB_CP,0:00:10,617,0.0,77400.3,24,7.86,11:29:10,19.50262,-99.13329,5,7,0,BOOT\r
617,ORB_CP,0:00:10,618,0.0,77402.2,23,7.39,11:29:10,19.50249,-99.13328,6,7,0,BOOT\r
618,ORB_CP,0:00:10,619,0.0,77419.5,23,6.91,11:29:10,19.50255,-99.13327,8,4,0,BOOT\r
619,ORB_CP,0:00:10,620,0.0,77415.2,24,7.46,11:29:10,19.50248,-99.13314,4,1,0,BOOT\r
620,ORB_CP,0:00:10,621,0.0,77412.6,20,6.88,11:29:10,19.50254,-99.13321,8,10,0,BOOT\r
621,ORB_CP,0:00:10,622,0.0,77405.7,20,5.91,11:29:10,19.50259,-99.1332,8,2,0,BOOT\r
622,ORB_CP,0:00:10,623,0.0,77415.5,22,5.42,11:29:10,19.50247,-99.13321,9,6,0,BOOT\r
623,ORB_CP,0:00:10,624,0.0,77404.7,20,8.62,11:29:10,19.50256,-99.13315,1,5,0,BOOT\r
624,ORB_CP,0:00:10,625,0.0,77412.0,22,7.64,11:29:10,19.50259,-99.13329,4,2,0,BOOT\r
625,ORB_CP,0:00:10,626,0.0,77407.8,21,6.09,11:29:10,19.50245,-99.13324,8,6,0,BOOT\r
626,ORB_CP,0:00:10,627,0.0,77413.5,20,7.68,11:29:10,19.50254,-99.13325,10,6,0,BOOT\r
627,ORB_CP,0:00:10,628,0.0,77418.0,23,6.41,11:29:10,19.50247,-99.13324,2,6,0,BOOT\r
628,ORB_CP,0:00:10,629,0.0,77406.8,20,8.59,11:29:10,19.50262,-99.1333,1,3,0,BOOT\r
629,ORB_CP,0:00:10,630,0.0,77411.2,23,7.07,11:29:10,19.5025,-99.1332,1,7,0,BOOT\r
630,ORB_CP,0:00:10,631,0.0,77404.8,20,6.72,11:29:10,19.5025,-99.13313,0,2,0,BOOT\r
631,ORB_CP,0:00:10,632,0.0,77403.2,21,8.28,11:29:10,19.50259,-99.1333,10,10,0,BOOT\r
632,ORB_CP,0:00:10,633,0.0,77409.7,24,6.37,11:29:10,19.50257,-99.13316,2,2,0,BOOT\r
633,ORB_CP,0:00:10,634,0.0,77414.7,24,8.22,11:29:10,19.50258,-99.13329,3,4,0,BOOT\r
634,ORB_CP,0:00:10,635,0.0,77417.9,22,7.29,11:29:10,19.50262,-99.1333,5,7,0,BOOT\r
635,ORB_CP,0:00:10,636,0.0,77409.9,20,5.25,11:29:10,19.50247,-99.1332,1,3,0,BOOT\r
636,ORB_CP,0:00:10,637,0.0,77410.6,21,8.9,11:29:10,19.50253,-99.13325,8,2,0,BOOT\r
637,ORB_CP,0:00:10,638,0.0,77408.5,22,6.1,11:29:10,19.50262,-99.13316,1,4,0,BOOT\r
638,ORB_CP,0:00:10,639,0.0,77410.7,24,7.91,11:29:10,19.50246,-99.13316,3,10,0,BOOT\r
639,ORB_CP,0:00:10,640,0.0,77404.1,23,5.45,11:29:10,19.50252,-99.13325,2,2,0,BOOT\r
640,ORB_CP,0:00:10,641,0.0,77417.8,22,6.34,11:29:10,19.5026,-99.13316,0,9,0,BOOT\r
641,ORB_CP,0:00:10,642,0.0,77400.0,21,6.62,11:29:10,19.50248,-99.13333,4,3,0,BOOT\r
642,ORB_CP,0:00:10,643,0.0,77412.6,20,6.48,11:29:10,19.50248,-99.13324,9,8,0,BOOT\r
643,ORB_CP,0:00:10,644,0.0,77405.2,22,7.36,11:29:10,19.50264,-99.13331,9,0,0,BOOT\r
644,ORB_CP,0:00:10,645,0.0,77415.7,20,5.88,11:29:10,19.50259,-99.13317,8,3,0,BOOT\r
645,ORB_CP,0:00:10,646,0.0,77419.6,23,7.89,11:29:10,19.50257,-99.13332,1,6,0,BOOT\r
646,ORB_CP,0:00:10,647,0.0,77415.0,22,5.36,11:29:10,19.5025,-99.13321,10,7,0,BOOT\r
647,ORB_CP,0:00:10,648,0.0,77416.4,20,7.26,11:29:10,19.50255,-99.1333,4,10,0,BOOT\r
648,ORB_CP,0:00:10,649,0.0,77409.5,21,5.01,11:29:10,19.50255,-99.13329,1,8,0,BOOT\r
649,ORB_CP,0:00:10,650,0.0,77404.1,22,7.7,11:29:10,19.50246,-99.13326,10,8,0,BOOT\r
650,ORB_CP,0:00:10,651,0.0,77405.6,23,8.26,11:29:10,19.50259,-99.13316,9,8,0,BOOT\r
651,ORB_CP,0:00:10,652,0.0,77414.7,22,5.95,11:29:10,19.50246,-99.13322,8,4,0,BOOT\r
652,ORB_CP,0:00:10,653,0.0,77407.9,21,8.7,11:29:10,19.50251,-99.13316,4,2,0,BOOT\r
653,ORB_CP,0:00:10,654,0.0,77403.3,21,8.23,11:29:10,19.50263,-99.1333,2,3,0,BOOT\r
654,ORB_CP,0:00:10,655,0.0,77401.8,24,7.74,11:29:10,19.50251,-99.13317,1,2,0,BOOT\r
655,ORB_CP,0:00:10,656,0.0,77412.7,23,5.8,11:29:10,19.50253,-99.13321,8,10,0,BOOT\r
656,ORB_CP,0:00:10,657,0.0,77418.0,20,8.23,11:29:10,19.50261,-99.13319,1,10,0,BOOT\r
657,ORB_CP,0:00:10,658,0.0,77403.4,22,5.35,11:29:10,19.50263,-99.13325,10,7,0,BOOT\r
658,ORB_CP,0:00:10,659,0.0,77407.5,20,7.37,11:29:10,19.50264,-99.13327,1,3,0,BOOT\r
659,ORB_CP,0:00:10,660,0.0,77405.9,20,6.74,11:29:10,19.50256,-99.13327,3,9,0,BOOT\r
660,ORB_CP,0:00:11,661,0.0,77415.6,24,6.87,11:29:11,19.50252,-99.13314,9,2,0,BOOT\r
661,ORB_CP,0:00:11,662,0.0,77415.3,24,7.33,11:29:11,19.50263,-99.13322,6,5,0,BOOT\r
662,ORB_CP,0:00:11,663,0.0,77419.2,22,8.34,11:29:11,19.50257,-99.13325,8,4,0,BOOT\r
663,ORB_CP,0:00:11,664,0.0,77417.0,23,5.45,11:29:11,19.50263,-99.13319,6,2,0,BOOT\r
664,ORB_CP,0:00:11,665,0.0,77419.1,24,6.78,11:29:11,19.5025,-99.13327,9,5,0,BOOT\r
665,ORB_CP,0:00:11,666,0.0,77418.4,20,7.22,11:29:11,19.50264,-99.13315,10,4,0,BOOT\r
666,ORB_CP,0:00:11,667,0.0,77413.0,20,8.08,11:29:11,19.50263,-99.13319,0,0,0,BOOT\r
667,ORB_CP,0:00:11,668,0.0,77408.8,21,5.97,11:29:11,19.5025,-99.13314,3,1,0,BOOT\r
668,ORB_CP,0:00:11,669,0.0,77412.2,20,8.34,11:29:11,19.50255,-99.13318,2,1,0,BOOT\r
669,ORB_CP,0:00:11,670,0.0,77403.0,21,8.76,11:29:11,19.50262,-99.13322,0,9,0,BOOT\r
670,ORB_CP,0:00:11,671,0.0,77407.6,20,5.72,11:29:11,19.50259,-99.13325,1,8,0,BOOT\r
671,ORB_CP,0:00:11,672,0.0,77405.5,24,7.44,11:29:11,19.50262,-99.13325,1,7,0,BOOT\r
672,ORB_CP,0:00:11,673,0.0,77416.0,20,5.94,11:29:11,19.5025,-99.13314,5,2,0,BOOT\r
673,ORB_CP,0:00:11,674,0.0,77409.8,21,8.46,11:29:11,19.50255,-99.13331,5,8,0,BOOT\r
674,ORB_CP,0:00:11,675,0.0,77402.2,22,8.41,11:29:11,19.50249,-99.13323,4,1,0,BOOT\r
675,ORB_CP,0:00:11,676,0.0,77403.4,21,6.13,11:29:11,19.50258,-99.13315,7,8,0,BOOT\r
676,ORB_CP,0:00:11,677,0.0,77410.6,24,8.73,11:29:11,19.50264,-99.13323,7,10,0,BOOT\r
677,ORB_CP,0:00:11,678,0.0,77410.0,23,8.47,11:29:11,19.50259,-99.13316,6,8,0,BOOT\r
678,ORB_CP,0:00:11,679,0.0,77408.0,20,5.2,11:29:11,19.50253,-99.13331,0,10,0,BOOT\r
679,ORB_CP,0:00:11,680,0.0,77400.5,22,7.86,11:29:11,19.5026,-99.13319,0,1,0,BOOT\r
680,ORB_CP,0:00:11,681,0.0,77400.3,24,7.04,11:29:11,19.50263,-99.13316,6,7,0,BOOT\r
681,ORB_CP,0:00:11,682,0.0,77401.2,21,6.9,11:29:11,19.50256,-99.13319,5,10,0,BOOT\r
682,ORB_CP,0:00:11,683,0.0,77405.8,21,6.16,11:29:11,19.50257,-99.13328,1,5,0,BOOT\r
683,ORB_CP,0:00:11,684,0.0,77409.3,23,5.61,11:29:11,19.50264,-99.13323,2,1,0,BOOT\r
684,ORB_CP,0:00:11,685,0.0,77405.6,20,5.47,11:29:11,19.50246,-99.13325,9,7,0,BOOT\r
685,ORB_CP,0:00:11,686,0.0,77413.5,23,5.95,11:29:11,19.50258,-99.13326,9,4,0,BOOT\r
686,ORB_CP,0:00:11,687,0.0,77410.7,23,6.44,11:29:11,19.5025,-99.13313,4,9,0,BOOT\r
687,ORB_CP,0:00:11,688,0.0,77412.4,21,5.29,11:29:11,19.50246,-99.13328,10,10,0,BOOT\r
688,ORB_CP,0:00:11,689,0.0,77418.4,21,6.15,11:29:11,19.50252,-99.13326,3,5,0,BOOT\r
689,ORB_CP,0:00:11,690,0.0,77406.7,22,5.55,11:29:11,19.50259,-99.13325,7,7,0,BOOT\r
690,ORB_CP,0:00:11,691,0.0,77409.3,21,5.5,11:29:11,19.50246,-99.13325,5,10,0,BOOT\r
691,ORB_CP,0:00:11,692,0.0,77400.8,21,8.92,11:29:11,19.50254,-99.13313,7,6,0,BOOT\r
692,ORB_CP,0:00:11,693,0.0,77407.5,24,5.1,11:29:11,19.50252,-99.13315,9,9,0,BOOT\r
693,ORB_CP,0:00:11,694,0.0,77400.1,23,6.03,11:29:11,19.50261,-99.13313,4,1,0,BOOT\r
694,ORB_CP,0:00:11,695,0.0,77406.0,22,5.61,11:29:11,19.50251,-99.13327,3,6,0,BOOT\r
695,ORB_CP,0:00:11,696,0.0,77402.2,24,5.26,11:29:11,19.50248,-99.13332,1,0,0,BOOT\r
696,ORB_CP,0:00:11,697,0.0,77401.5,23,5.91,11:29:11,19.50253,-99.13326,5,7,0,BOOT\r
697,ORB_CP,0:00:11,698,0.0,77403.6,20,8.53,11:29:11,19.5025,-99.13324,0,5,0,BOOT\r
698,ORB_CP,0:00:11,699,0.0,77413.1,24,7.48,11:29:11,19.50247,-99.13322,5,10,0,BOOT\r
699,ORB_CP,0:00:11,700,0.0,77405.8,20,5.87,11:29:11,19.50264,-99.1333,5,0,0,BOOT\r
700,ORB_CP,0:00:11,701,0.0,77401.7,23,5.29,11:29:11,19.50256,-99.13332,10,6,0,BOOT\r
701,ORB_CP,0:00:11,702,0.0,77414.6,24,8.08,11:29:11,19.50255,-99.13328,7,10,0,BOOT\r
702,ORB_CP,0:00:11,703,0.0,77406.0,22,8.37,11:29:11,19.50249,-99.1332,1,3,0,BOOT\r
703,ORB_CP,0:00:11,704,0.0,77417.4,24,8.87,11:29:11,19.50256,-99.13319,4,8,0,BOOT\r
704,ORB_CP,0:00:11,705,0.0,77401.9,21,5.84,11:29:11,19.50259,-99.13322,3,7,0,BOOT\r
705,ORB_CP,0:00:11,706,0.0,77404.8,20,7.96,11:29:11,19.50248,-99.13331,1,3,0,BOOT\r
706,ORB_CP,0:00:11,707,0.0,77416.7,21,6.98,11:29:11,19.50253,-99.13332,3,6,0,BOOT\r
707,ORB_CP,0:00:11,708,0.0,77417.9,21,6.85,11:29:11,19.50257,-99.13319,2,9,0,BOOT\r
708,ORB_CP,0:00:11,709,0.0,77413.8,21,8.67,11:29:11,19.50254,-99.13326,2,4,0,BOOT\r
709,ORB_CP,0:00:11,710,0.0,77411.9,20,5.7,11:29:11,19.50252,-99.13319,3,0,0,BOOT\r
710,ORB_CP,0:00:11,711,0.0,77419.1,20,7.75,11:29:11,19.50251,-99.13314,8,10,0,BOOT\r
711,ORB_CP,0:00:11,712,0.0,77412.8,21,8.52,11:29:11,19.5026,-99.1332,3,8,0,BOOT\r
712,ORB_CP,0:00:11,713,0.0,77414.9,24,8.47,11:29:11,19.50252,-99.13325,10,6,0,BOOT\r
713,ORB_CP,0:00:11,714,0.0,77404.8,23,8.91,11:29:11,19.50259,-99.13319,4,8,0,BOOT\r
714,ORB_CP,0:00:11,715,0.0,77416.6,20,7.97,11:29:11,19.5026,-99.1332,7,7,0,BOOT\r
715,ORB_CP,0:00:11,716,0.0,77411.8,24,8.4,11:29:11,19.50257,-99.13318,8,1,0,BOOT\r
716,ORB_CP,0:00:11,717,0.0,77407.5,24,8.07,11:29:11,19.5026,-99.1333,1,4,0,BOOT\r
717,ORB_CP,0:00:11,718,0.0,77412.7,22,7.07,11:29:11,19.50246,-99.13315,0,1,0,BOOT\r
718,ORB_CP,0:00:11,719,0.0,77410.7,24,8.07,11:29:11,19.50251,-99.13327,6,0,0,BOOT\r
719,ORB_CP,0:00:11,720,0.0,77418.5,20,7.5,11:29:11,19.50258,-99.13322,2,3,0,BOOT\r
720,ORB_CP,0:00:12,721,0.0,77404.8,22,7.03,11:29:12,19.50256,-99.13327,2,6,0,BOOT\r
721,ORB_CP,0:00:12,722,0.0,77418.4,23,5.34,11:29:12,19.5025,-99.13327,5,3,0,BOOT\r
722,ORB_CP,0:00:12,723,0.0,77410.7,23,7.15,11:29:12,19.50248,-99.13328,2,2,0,BOOT\r
723,ORB_CP,0:00:12,724,0.0,77406.2,21,7.72,11:29:12,19.50249,-99.13323,0,5,0,BOOT\r
724,ORB_CP,0:00:12,725,0.0,77405.7,21,5.2,11:29:12,19.50255,-99.13322,0,10,0,BOOT\r
725,ORB_CP,0:00:12,726,0.0,77411.9,24,6.79,11:29:12,19.50251,-99.13323,6,5,0,BOOT\r
726,ORB_CP,0:00:12,727,0.0,77411.6,23,8.29,11:29:12,19.50247,-99.13331,9,4,0,BOOT\r
727,ORB_CP,0:00:12,728,0.0,77406.3,22,8.43,11:29:12,19.50246,-99.13331,9,6,0,BOOT\r
728,ORB_CP,0:00:12,729,0.0,77407.6,24,5.24,11:29:12,19.50254,-99.13327,5,7,0,BOOT\r
729,ORB_CP,0:00:12,730,0.0,77407.6,20,5.96,11:29:12,19.50251,-99.13322,1,2,0,BOOT\r
730,ORB_CP,0:00:12,731,0.0,77400.5,23,7.01,11:29:12,19.50258,-99.1333,6,0,0,BOOT\r
731,ORB_CP,0:00:12,732,0.0,77402.2,21,8.31,11:29:12,19.50264,-99.13331,5,10,0,BOOT\r
732,ORB_CP,0:00:12,733,0.0,77413.8,23,6.2,11:29:12,19.50258,-99.13328,4,5,0,BOOT\r
733,ORB_CP,0:00:12,734,0.0,77417.7,22,5.98,11:29:12,19.5026,-99.13323,5,4,0,BOOT\r
734,ORB_CP,0:00:12,735,0.0,77419.7,21,8.68,11:29:12,19.50246,-99.13322,4,7,0,BOOT\r
735,ORB_CP,0:00:12,736,0.0,77413.4,23,8.5,11:29:12,19.50257,-99.13323,8,7,0,BOOT\r
736,ORB_CP,0:00:12,737,0.0,77410.4,24,8.03,11:29:12,19.50249,-99.13322,4,3,0,BOOT\r
737,ORB_CP,0:00:12,738,0.0,77419.4,23,5.8,11:29:12,19.50254,-99.1333,2,4,0,BOOT\r
738,ORB_CP,0:00:12,739,0.0,77416.4,23,8.8,11:29:12,19.50248,-99.13329,3,3,0,BOOT\r
739,ORB_CP,0:00:12,740,0.0,77401.3,24,5.14,11:29:12,19.50255,-99.13325,6,10,0,BOOT\r
740,ORB_CP,0:00:12,741,0.0,77403.3,20,7.19,11:29:12,19.50252,-99.13318,4,5,0,BOOT\r
741,ORB_CP,0:00:12,742,0.0,77404.7,24,5.09,11:29:12,19.50262,-99.13331,3,3,0,BOOT\r
742,ORB_CP,0:00:12,743,0.0,77414.7,24,8.8,11:29:12,19.50252,-99.13313,3,3,0,BOOT\r
743,ORB_CP,0:00:12,744,0.0,77409.7,21,6.79,11:29:12,19.50251,-99.13326,2,3,0,BOOT\r
744,ORB_CP,0:00:12,745,0.0,77408.7,20,5.43,11:29:12,19.50264,-99.13314,5,0,0,BOOT\r
745,ORB_CP,0:00:12,746,0.0,77403.7,20,8.42,11:29:12,19.50261,-99.13326,6,2,0,BOOT\r
746,ORB_CP,0:00:12,747,0.0,77410.1,20,5.78,11:29:12,19.50258,-99.13332,9,5,0,BOOT\r
